time,review_txt,stars_txt,ratings
2019-05-11,왜 플레이스토어 앱 이미지랑 실제 게임 이미지가 다른가요?(로딩화면). 이거 구글정책에 적법한건가요??// 그리고 로딩화면에 벗은여자나오는거...지금까진 밖에서 하기 쪽팔리는 정도였는데 이번에는 걍 역겹네요(신규코스튬). 거기 팀장님께서 그런거 좋아하시나요?? 좀 멋들어진 그림으로 로딩화면 바꿀순 없나요?,별표 5개 만점에 5개를 받았습니다.,5
2019-05-09,갤럭시 s8+인데 오른쪽 맨 끝에 터치가 되지 않습니다 여러분들은 어떤가요? 잘 되나요? 저 지금 진지합니다 자세히보기도 토픽도 오른쪽 맨 끝에 있기 때문에 터치가 안되서 제대로 된 정보를 얻을 수가 없어서 일일이 공식카페에 접속해야 하는 번거로움이 있거든요 여러분도 그런가요?,별표 5개 만점에 4개를 받았습니다.,4
2019-05-16,"전계 40개뽑아서 3성 40개라고? 아무리 확률 공개여도 그렇지 이건 좀 선넘지않았나? 물론 40개가 표본으로는 넘 적지만 한주동안 파밍한건데 쓰레기 4성이 1개 하다못해 조각이라도 줘야지. 최악의 가챠 상황에서 유저는 스트레스를 혼자 감당해야한다. 이는 확률의 문제가 아니라 기본적인 배려의 문제다. 유저에게 최소한의 심리적 마지노선을 설계해줘야한다. 20일 동안 43렙 까지 키우면서, 얻은 다이아를 계약서에 밖았다. 아직도 전열은 르네 슬론 칼슨 이고 테일러 하나말고는 다 확정권으로 맞춘거다. 다이아 모으고 쫄짝하면 뭐하나 어차피...
전체 리뷰",별표 5개 만점에 2개를 받았습니다.,2
2019-03-31,"이전의 이런 장르물에서 추가로 원했던 점들을 모조리 넣어놓은 턴제RPG.스토리도 재밌고(주인공한테 관심이 너무 쏠리는거만 좀 개선하면 좋겠지만...) 캐릭터마다 개성도 뚜렷하며 크게 나뉘는 4가지의 전투형태와 그 규칙 내에서 다시 나뉘는 캐릭터마다의 특징(전투 방식의 변화도 포함)을 생각해 직접 전략을 짜는 스타일의 플레이형태도 마음에 들었습니다. 앞으로 카X오의 게임들처럼 현질유도가 엄청나지거나 하지는 않았으면 좋겠습니다.거기에 +로 패치마다 잦은 유저의견 반영이라던지 참고,발빠른 렉,버그개선같은 좋은 운영의 모습도 보여주신다면 ...
전체 리뷰",별표 5개 만점에 5개를 받았습니다.,5
2019-04-16,"이런 게임은 케릭터 얻는 재미로 하는건데, 4~5성 얻는게 그리 어렵지않아서 만족스러움. 전략을 짜는 재미도 있는 편임. 단점이자 장점은 진형순서에 따라 자동으로 전투가 진행되기에 단조롭게 느껴질수 있음.",별표 5개 만점에 4개를 받았습니다.,4
2019-05-08,"저번 리뷰 삭제됐네요?? 비난 적힌 글은 강제로 삭제하시나봐요. 다시 올립니다. 지금 과금정책 조금 지나치지만 이해가능한 수준입니다. 헌데 심각한 밸런스 문제는 해결합시다 지금뭐 비주류 5성들 5성 도감만 채우고 있지 실질적으로 쓰임이나 있습니까?? 매번 출시되는 전설 또는 신규5성만 밸런스 망치고 있고 신규캐릭터는 개성있는 스킬이랍시고 기존캐릭터랑과의 조합에 맞지도 않습니다. 그리고 전설들은 밸런스가 왜 이 모양인지 모르겠네요 도미너스랑 기존 육마성 밸런스 차이 실홥니까? 알렉 안젤리카 그란힐트 등등 기존 전설들 수개월동안 키워놓...
전체 리뷰",별표 5개 만점에 1개를 받았습니다.,1
2019-05-09,"리세를 하는 걸 적극 권장 아니면 특정 캐릭이 있는 계정을 사는 것이 나중에 시간대비 효율도 더 잘뽑히고 나중 과금효율도 좋음 초반 딜러는 3,4성 써도 고강으로 해결하지만 방캐는 넘사벽의 차이를 보여주기 때문에 더욱 그 중요성이 큼 그 외에는 다른 사람들처럼 시간이 지날수록 다이아도 모이고 이벤트로 먹을거 최대한 먹고 하면 과금러들의 땅인 결장류 빼곤 전부 즐길 수 있음 다만 뽑기 확률은 자원 쉽게 모이는거만큼 낮은 가챠를 보여주니 킹줄갓약하면 딴겜해라",별표 5개 만점에 3개를 받았습니다.,3
2019-05-16,게임도 정말 재미있고 피드백이나 답변도 빨라서 정말 재미있게 플레이 중 입니다. 제가 운빨이 워낙 없는 편인가 좋은 캐릭터가 아무리 해도 안나오는 것만 빼구요....ㅋㅋㅋ큐ㅠㅠ...,별표 5개 만점에 5개를 받았습니다.,5
2019-03-18,그 여자들을 주인공한테 반하게 하지 않으면 스토리 진행을 못하는 건가요. 그리고 도미너스 옥톤가 뭔가들만 탑급이고 나머지는 그저그런 애들이라 뭔가 게임을 진행할 의욕이 안나네요. 오래 하면 이것들 다 얻을 수 있다지만 오래 할 마음이 안생깁니다. 일러스트나 전투 시스템 같은건 마음에 드는데 그 외에는 다 별로네요,별표 5개 만점에 2개를 받았습니다.,2
2019-05-08,"재밌긴 엄청 재밌고 일러스트도 무척이나 예쁩니다. 근데 유저 평가에 가서 좋은지 안좋은지 보려고하는데 너무 섹드립이나 야한농담하시는 분들이 심하게 많으셔서요... 일러스트는 정말 너무 예쁜데말이죠. 그래서 혹시 가능하다면, 특정 단어 같이 단속할 수 있으신 건 단속해주시면 감사할 것 같아요. 물론 이게 귀찮고 어려운 일이란 것도 압니다만... 가능하시다면, 부탁드릴게요.",별표 5개 만점에 4개를 받았습니다.,4
2019-05-19,일러도 훌륭하고 게임도 재밋어요! 단지 성우분 기용은..이미지에 안맞는 분들이 종종 계셔서 무음으로..ㅠ,별표 5개 만점에 5개를 받았습니다.,5
2019-04-13,돈이 모든걸 결정하는 똥겜... 미친듯이 돈 때려박을거 아니면 현질하지마세요. 하스에 150 지르는것보다 여기 20지르는게 더 아까움. 물론 TCG 20과 RPG 20은 가치가 다르긴한데... 아무튼 그 정도로 돈이 모든걸 결정함.,별표 5개 만점에 3개를 받았습니다.,3
2019-05-18,"재밌자고 한 게임이 어느순간부터 스트레스만 줘서 지웠습니다. 웬만큼 하려면 돈도 꽤 들고 스테이지 깨기가 어려워 공략까지 봐도 정작 필요한 용병이 없으면 한 판에 30분씩 들여가며 어떻게든 어거지로 깨왔는데, 이쯤되니 내가 이걸 왜 하고있나 싶더군요.",별표 5개 만점에 2개를 받았습니다.,2
2019-05-13,초보라서 세실리아랑 쿼티나랑 테일러 주나요?그리고 1000보석은 대단해요 추천입니다! 이거 재미 있게 잘하고 있어요! 근데 세실리랑 쿼티나 나올때 어머 이분이 여기에 이 대사가 진짜 웃겨요!^^,별표 5개 만점에 5개를 받았습니다.,5
2019-04-11,"밸런스가 안좋다? 아니 유저가 참을성이 없다. 당연히 과금유저와 무과금유저 올드비와 뉴비는 당연히 차이가 난다. 던전의 난이도는 급격히 어려워야 rpg의 기본특성이자 어떻게보면 고질적인문제인 노가다를 병행하기때문. 한국사람들의 특징이라 해야 할 지 폰겜의 특성이라 해야 할지 이게임 유저들이.옥토없으면 게임이 안되요.... 는 솔직히 말이안된다. 3성지원가와 4성 탱커로도 한달넘게.플레이한 유저들을 일주일한 내가 결투장에서 이길 땐 우습게도 카타르시스마저 느낀다. 막혓다 싶으면 재료용병을 키워 먹이고 그래도 막힌다면 가끔 다른 컨텐츠...
전체 리뷰",별표 5개 만점에 4개를 받았습니다.,4
2019-04-11,"확률 가지고 노는 겜, 키우는것도 어려운데 뽑는다는 전제부터 깔려야함. 근데 그 전설 용병 확율이 답이 안보인다는 점. 그렇다고 안하자니 성능이 압도적이라 다른거로는 대체도 안된다는 것이 문제",별표 5개 만점에 1개를 받았습니다.,1
2019-04-16,일단 시작한지 3달에 접어든 유저로서 말하면 과금은 진짜 비추합니다 그냥 월정액이나 아니면 코스튬 가지고싶은거 있을때나 지르는걸 추천함 이 게임은 시간이 답인 게임입니다 전설이 없으면 진행이 안된다?? 그건 절대 아님 전설도 0강이면 5성 3강보다 후진경우가 대부분임 결국 이건 강화를 해야하는데 5성 이상 강화권은 정말 시간을 들이거나 이벤트 기간 잘 얻어걸려야 얻음 결국 이 게임은 오래 보고 하는 게임이라는것 아 그리고 무과금도 일정이상 키우면 전설 무조건 1개 이상 얻는거 가능 리세 계정 사는거 추천함,별표 5개 만점에 3개를 받았습니다.,3
2019-04-22,제 핸드폰에 문제가 있어서 끊김현상이 나타났었습니다. 폰 초기화 후 이상없이 작동되네요. 답변주셔서 감사합니다.,별표 5개 만점에 5개를 받았습니다.,5
2019-04-16,"게임이 재밌기도하고 일러도 예쁘나 사실상 무과금에겐 너무나 힘든게임입니다. 초반에는 그려려니 하며 할순있어도 챕터 30이상 가면 진행이 불가능해질 정도로 난이도가 올라갑니다. 그러니 사실상 무과금이나 소과금유저엔겐 너무힘든게임이나 다름 없습니다. 다이아를 대략 7000개를 써서 10회뽑기를 13번정도를 했는데 5성이 한번도 안뜨는것도 확률상 너무 낮다고 생각합니다. 과금한사람과 소과금 무과금 유저간의 격차가 하늘과 땅차이라고해도 과언이 아닐정도로 현질에 의존해서 플레이 해야하는 게임인거 같습니다. 많은 돈은 아니다만 30만원 현질한...
전체 리뷰",별표 5개 만점에 3개를 받았습니다.,3
2019-04-03,재미있어요! 일러스트도 너무 예뻐서 보는맛도 있네요ㅎㅎ 아쉬운점은 캐릭터들 유저평가란에 너무 오래된 글과 불필요한 말들만 있어서 시작한지 3일된 제 시점에선 굉장히 불쾌했습니다ㅜㅠ,별표 5개 만점에 5개를 받았습니다.,5
2019-05-21,진짜 전략게임이라 재밌네요! 용병 확률은 조금! 패치 되면 좋겠네요~,별표 5개 만점에 5개를 받았습니다.,5
2019-05-20,아트북 산지 한참됫는데 왜아직도 안왔지?(어쨋든 갓겜임'),별표 5개 만점에 5개를 받았습니다.,5
2019-04-03,세븐나이츠 2년 서머너즈워 3년 그리고 방황하다 정착한 게임입니다. 혹시 고민하고있는 사람 있으면 해보시길 강력 추천 드립니다. 그리고 매번 확률확률 하는 댓글들 보고 꺼려하실수 있는데 최고 등급 캐릭터는 무슨겜이든 뽑기가 힘듭니다. 다 퍼주면 누가 1등 못합니까. 게임을 단기간만 보고 짧게 가져가지말고 길게 보고 천천히 하시면 과금안해도 충분히 즐길 수 있으니 천천히 즐기시길 바랍니다.,별표 5개 만점에 5개를 받았습니다.,5
2019-05-20,게임자체는 괜찮다 하지만 다이아 6000개 정도 꼴아박았는데 5성 하나 안나오는게 말이냐.. 브더 탈출은 지능순이다,별표 5개 만점에 2개를 받았습니다.,2
2019-04-29,"밸런스 붕괴 게임 어느 순간부터 도미너스옥토라는것이 추가되고 이게 무슨 말도안되는 능력과 스펙을 자랑하는 5성용병들이 나오게 되어 전략이고 자시고 상태이상과 더불어 극딜도 씹어먹는 공격형이나 지원형들 혹은 벨페른이 나옴으로써 그냥 없으면 지는겜이 되어버렸다. 스토리도 대부분 헬하나 (진짜로 헬 하나 배치)로 41까지 꺨수있다 안되다면 이나이스 추가 이렇다 보니 전략의 의미가 없어졌으며 있다고해도 5성용병중 하나는 꼭 필수로 있어야 스토리를 깰수있는캐가 있다. 이렇다보니 6마성에서 하던 유저들은 뒤통수를 에너지 방어로 후려맞은 셈 앞...
전체 리뷰",별표 5개 만점에 3개를 받았습니다.,3
2019-04-14,제가 몇개월전 브라운더스트를 했었는데요. 이번에 다시해보려고 설치를 하고 구글과 페북중 어떤계정으로 했는지 기억이 안나더라고요. 둘다 로그인해봤는데 전부 계정이 초기화되있네요. 꽤 오래해서 해놓은게 많은데 어떻게 해야될지 모르겠습니다. 계정복구 방법좀 안내해 주시겠습니까.,별표 5개 만점에 5개를 받았습니다.,5
2019-05-09,추가 패치 다운 안 되는데요. 녹스 쓰고 있습니다.,별표 5개 만점에 1개를 받았습니다.,1
2019-05-15,현질해서 얻는 것 보다 출석 보상이랑 이벤트로 얻는 게 더 좋아보임... 물론 둘 다 얻는게 좋지만,별표 5개 만점에 5개를 받았습니다.,5
2019-05-09,일러스트 좋고 게임 편리한 인터페이스와 더불어 이벤트도 많아 재밌게 즐기고 있습니다.,별표 5개 만점에 5개를 받았습니다.,5
2019-04-17,"구캐릭 밸런싱 안되는 예시로 라피나를 들면 안되죠 라피나는 op여서 (뒤늦게)너프먹고 진창에 박힌 캐릭인데요. 구캐릭 밸런싱 얘기하려면 6마성... 6마성 다 덤벼도 풀강벨페른 하나 못 이길거 같은데 비슷한 수준으로 밸런싱좀 해주세요. 특히 한 번도 밸런싱 없었던 알렉은 5성에 상위호환급 캐가 나왔는데요..... 그리고 어지간한 구캐릭 다 밸런싱 한번쯤은 거친거 같은데 신캐가 내는 족족op라 밸런스가 맞을 수가 없어요. 소위 말하는 뽑토가 없으면 진행이 어려운건 문제 맞습니다. 1년 반 전, 저 시작할 때만 해도 최종티어 용병을 확...
전체 리뷰",별표 5개 만점에 2개를 받았습니다.,2
2019-04-11,무과금도 조금씩 성장하면서 진행이 가능한점 각기다른 콘텐츠로 인해 3성5성 가릴것 없이 수집하여 상황에 맞게 쓰인다는게 장점 입니다 캐릭터별로의 능력으로 전략형 턴제 라는게 느껴 집니다 가 아니라 재밌어요..,별표 5개 만점에 5개를 받았습니다.,5
2019-04-28,ο ο ΓΓ Ι W□Ι Ι Υ □ □ □ □ □ □□ □ □ □ □□ □ □ □□□□□□□□□□□ □ □ □ □ □ □ □ □ □ □ □ □ □ Π Π Ο LO IΠ Π ''''''□□□□□□□□□□□□□□□□□□□□ □□□□□□□□□□□□□□ 거꾸로 보세요! (가로),별표 5개 만점에 5개를 받았습니다.,5
2019-05-10,예전부터 알던 게임인데 이제야 해보네요. 다른 게임이랑 다른 맛이 있어요. 랑그릿사같은 맛?,별표 5개 만점에 5개를 받았습니다.,5
2019-04-28,재밌으나 여러가지 조합이라던가 배워야할게 너무나 많아서 복잡하기도 합니다. 게임자체는 슬로우하지만 부담없이 즐기기 좋은것 같아요,별표 5개 만점에 4개를 받았습니다.,4
2019-04-08,게임성은 괜찮음. 스토리 작가를 영입하던지해서 진행에 개연성과 몰입만 좀 할수 있도록했으면 좋겠고 유저 평가에 불쾌한 글들 좀 정리했으면 하네요. 어린 친구들도 하는 게임인데 음담패설들이 많네요. 개인적으로 스토리를 손본다면 반전을 좀 가미했으면 좋겠어요. 마비노기같이 게임성도 좋고 스토리가 엄청난 게임이 되었으면 좋겠습니다,별표 5개 만점에 4개를 받았습니다.,4
2019-04-03,"5성선택권을 전설코인? 800~1000개로 파는거 어떻게 생각하나요? 원하는 5성(제니스,루디아)을 갖고 싶은데 1년동안 접고 복귀하면서 뽑기를 해봐도 계속 안나와서 너무 스트레스를 받았습니다 나오기만 하다면 바로 지를건데 말이죠 아님 이 달의 영웅이러면서 파는것도 나쁘지 않고요",별표 5개 만점에 5개를 받았습니다.,5
2019-05-06,"무과금유저인데 과금 안하는 거 추천합니다. 시간 좀 지나면 5성 많이 모이고, 전설이 잘 안뜨긴 하는데 리세할 때 하나 먹고 시작하면 마음 편-안 합니다. 꾸준히 퍼주고 로그인이랑 일퀘만 잘해도 일주일에 1200골드 모으는거 어렵지도 않아요. 그냥 마음 넉넉히 가지면 무과금으로 충분히 즐길 수 있어요.",별표 5개 만점에 5개를 받았습니다.,5
2019-04-16,"똥가루라고 검색해도 뜬다는게 함정 2년 가까이 겜하는데 가챠관련으로는 장점은 유료재화를 잘 주는 편 단점은 가챠 확율이 극악 가챠확율이 극악이란점은 두가지 이유가 있는데 확율자체도 낮긴하지만 그것보단 용병이 정말 많이 늘어나서 내가 원하는게 뜰 확율이 극악. 최근 2주년 패치로 커스텀 뽑기가 되면서 그 점이 어느정도 보완되긴했지만 항상 내 계정은 극악 확율을 뚫고 브더당한다는 겁니다 왜죠?? 아무튼 나름 열심히 개선하고 있긴합니다. 전처적인 부분으로 사람들이 가장 손 꼽는 장점은 일러스트 이뻐요. 일러가 게임 먹여살림. 사람들이 가...
전체 리뷰",별표 5개 만점에 4개를 받았습니다.,4
2019-04-24,전략과 가챠 그리고 재미까지 함께 있는 좋은 게임 잘 즐기고있습니다. 그런데 2주년 사전예약을 했을때 폰으로 인증번호가 오질않아 2주년 쿠폰을 수령할수가 없었습니다. 어떻게 해결방법이 있을까요?,별표 5개 만점에 5개를 받았습니다.,5
2019-04-11,"3달째 플레이중인데 보상이 정말..너무 적절하게 주어져서 게임 계속하게 되는 것 같습니다. 일일,주간,월간 보상사이클이 정말 황금밸런스입니다. 시나,악마성은 진행하다 막혔는데 결장 주간보상, 접속보상, 월간보상 기다리며 이벤트 퀘하고 뽑기돌리고 쫄작하고 결장하고 영웅별로 스킬작 하나하나 해가며 키우는 맛이 있네요. 그리고 이벤트가 끊이지 않고 계속 새롭게 업데이트되는게 너무 맘에 듭니다. 여태 한 모바일게임 중 제일 오래하고 있습니다. 개돼지게임 이미지는 이미 옛날옛적에 탈피한 것 같네요. 흑인들이 서로 니거라고하는 것처럼 지금은 ...
전체 리뷰",별표 5개 만점에 5개를 받았습니다.,5
2019-05-03,좋군요! 현질유도도 그리 심하지 않고 캐릭터들도 다양하고 스토리도 탄탄한게 재밌습니다. 무엇보다도 일러스트가 제 취향이라서 빠져드네요,별표 5개 만점에 4개를 받았습니다.,4
2019-04-19,안녕하세요 브라운 더스트 2주년이라는 말을 듣고 바로 앱을 설치한 사람입니다. 조력자의 호감도를 올려주는 아이템으로 은방울꽃을 찾고있는데 도움말에도 없더군요 알려주시면 감사하겠습니다. 브라운더스트 흥해라!,별표 5개 만점에 5개를 받았습니다.,5
2019-04-28,전략 짜는 맛이 있는데 캐릭터 강화하기가 힘든 것 같습니다... 그리고 부디 캐릭터 의상 노출만 좀 어떻게 줄여줬으면...,별표 5개 만점에 3개를 받았습니다.,3
2019-05-09,기존 유저들 벨붕에 정떨인거 같은데 대꾸도 안해주네. 당장 매출 안떨어진다고 이런식으로 대응하다가 큰일나는 수가 있음,별표 5개 만점에 5개를 받았습니다.,5
2019-04-11,정말 오랜만에 재밌는게임 찾았음. 헝앱 들어가서 루시 스타트계정 사서 시작하면 정말 재밌게 즐길수있음. 리세마라 도 가능한데 극악확률이라 비추. 전략 게임이라 신규유저도 재밌게 즐길수있고. 노력으로 과금 따라잡을수있는구조. 계정거래도 가능한 시스템이라 손절 할때도 편리.,별표 5개 만점에 5개를 받았습니다.,5
2019-04-28,점점 현질유도 심한 ptw시스템으로 가고 있음. 컨텐츠 추가보다는 유저들 지갑만 노리는 운영방식으로 실망하여 떠남.,별표 5개 만점에 1개를 받았습니다.,1
2019-04-21,저는 하도 주변에서 그거 망겜이다~ 망겜이다~ 해서 지웠는데 잊을수가 없어요 이런 일러스트와 게임스토리 무엇보다 뭔가 끌리는게 있어요 그런데 불편한 점도 있어서 망겜이 아니라고는 못하겠네요 부루미블 직전 단계 입니다. 쨌든 재미있어요~♡,별표 5개 만점에 5개를 받았습니다.,5
2019-05-09,왜 게임설치가안되죠? 마지막에서 몇번씩이나 다운로드파일에 문제가있다면서 게임을 다시시작하네요...,별표 5개 만점에 1개를 받았습니다.,1
2019-05-06,너무해!!!!!!!!!싸움은빨리끝나서재미업음싸움길게해줘싸움빨리끝나잔아!!!!!!!!!!!!!!!!!!!!!!!!!!!!!!!!!!!!!!!!!!!!!!! 그리고재미업음재미있게해주세요끝오늘변태였음잘가 빵점,별표 5개 만점에 5개를 받았습니다.,5
2019-05-12,제발 결장에 휴먼 고인물들좀 치워라 그게 그렇게 어렵나 일퀘 결장 5번돌기가 제일 고통임 ㄹㅇ,별표 5개 만점에 1개를 받았습니다.,1
2019-03-25,꾸준히 하면 무과금도 어느정도는 할수 있는데 과금러는 못이김 9성 까지 있으니... 그리고 게임이 무거워요.,별표 5개 만점에 4개를 받았습니다.,4
2019-04-12,일러가이쁜건 그렇다쳐도 뽑기확률및 던전이건 유저대결간의 파워밸런스균형이 비정상급인데 바라는건많아지고 불만은커질수밖에 ㅉ,별표 5개 만점에 1개를 받았습니다.,1
2019-05-17,재밋다..일단 일러굿 이거 아니여도잼씀 앞으로더발전하고 홍보를많이하길!,별표 5개 만점에 4개를 받았습니다.,4
2019-03-18,무과금도 운발 시간만 있으면 충분히 즐길 수 있습니다. ㅋ 너무 식상한 평인가....ㅋㅋ,별표 5개 만점에 5개를 받았습니다.,5
2019-04-19,다른거 다 떠나서 꽤 지난게임인데도 관리를 굉장히 잘하신다는 생각이 들었네요. 괜찮은 게임,별표 5개 만점에 5개를 받았습니다.,5
2019-05-13,타격감은 그렇게 있는 편은 아니지만 그래픽 깔끔하고 할만합니다.,별표 5개 만점에 5개를 받았습니다.,5
2019-04-08,아니 게임은 재밌는데 용병 사고 승급하는것을 100개 단위로 늘려주던가 자동으로 승급시켜주는 시스템으로 만들던가 해야지 재미도 없는 승급 노가다 문제 있네요,별표 5개 만점에 5개를 받았습니다.,5
2019-04-08,가챠 확율은 말도 안되는데 스토리 깨는 것도 옥토 등 없으면 그냥 막힘. 돈도 들이면서 해봣지만 그냥 단순한 복불복... 능력이 안되서 포기 할랍니다.,별표 5개 만점에 1개를 받았습니다.,1
2019-04-24,머징? 사전예약 쿠폰 도착...NULL? 쿠폰 번호도 아닌 이게 뭐죠? 쿠폰 16자리 아닌가요?,별표 5개 만점에 1개를 받았습니다.,1
2019-04-24,2년동안 즐겨온 오픈유저입니다. 옥토 나오고 벨붕되서 아쉽고 몇만 다이아 한번에 까도 5성 하나 나올까 말까한 똥손이지만 그래도 게임은 재밋습니다. 2년축하드립니다.,별표 5개 만점에 5개를 받았습니다.,5
2019-04-24,2주년 사전예약 쿠폰이 왔는데 번호가 NULL이라고 뜨네요. 그대로 입력해보니 유효하지 않은 쿠폰이라는데 이게 어떻게 된 일이죠? ㅠㅠ,별표 5개 만점에 5개를 받았습니다.,5
2019-04-16,"처음 해보는데 턴제로 새로운 경험의 게임이고 뉴비 로서 플레이해보고 느낀점 다른게임보다 현질 안해도 하루한번 10회 무료뽑기랑 스토리 업적등등 다이야 재화 뿌려줘서 열심이 한다면 현질한거랑 별로 차이가 없는거같고 쟁탈 레이드 이쪽도 잘만들었고 특히 룬얻을수 있는던전을 횟수재한없이 여러가지룬 던전 맛깔나게 골라 들어갈수있는점이랑 자동사냥이 다른 게임 보다 잘되어 있어 스토리 진행하면서 던전도 돌릴수있으며 스토리나 던전 등등 행동 제화로 쓰이는 말발굽은 운영자 분들이 퍼다줘서 부족함 없이 즐기고있어요 5일차인데 너무 꿀잼임 스토리도 탄...
전체 리뷰",별표 5개 만점에 5개를 받았습니다.,5
2019-04-24,2주년이라고 해서 사전예약하고 쿠폰을 받았는데 쿠폰은 16자리라면서 4자리로만 덩그러니 줘서 이건 쓰라고 준건가 아님 사기를 친건가 상심이 크네요,별표 5개 만점에 1개를 받았습니다.,1
2019-04-06,적에따라 전략적으로 해야 더빠르고 별도잘얻는다는 점에 재밌긴한데 진영 구성이랑 순서정하는 시간이 반인듯..아쉬운점은 5성을얻기힘들어보이는거..? 근데 재밌고 캐릭터도이뻐서 좋아용@^^@,별표 5개 만점에 4개를 받았습니다.,4
2019-05-09,2년동안 소소하게 플레이 잘 하고 있습니다.,별표 5개 만점에 5개를 받았습니다.,5
2019-05-06,"게임 진정 주옥같은게... 한달동안 미친듯이 모아서 지르고 질러도, 전설 하나도 안나오면 매주일마다 게임이 하기 싫어 진다는 족같음 때문임... 아니 왜 별을 반개는 못주는거야 결국 접음",별표 5개 만점에 1개를 받았습니다.,1
2019-04-21,아저기제작자님제가커스텀뽑끼에서제니스를선택하고했는데이제한40~50번정도뽑았을때제니스나왔는데갑작기튕기면서제다이아랑제니스가같이사라졌어요이게오류인지버그인지는몰르겠습니다어째든제니스를보상해주시던가해주세요그리고이거빼곤다좋아욤:3,별표 5개 만점에 3개를 받았습니다.,3
2019-04-24,2주년 사전예약 문자왔는데 쿠폰번호가 NULL이라고 되있는건 뭔가요? 입력도안되고 어떻게해야됨?,별표 5개 만점에 5개를 받았습니다.,5
2019-05-14,오랜만에 업데이트 되고 다시 복귀했는데 역시 재미있네요^^,별표 5개 만점에 5개를 받았습니다.,5
2019-05-08,제 인생게임을 만났네요 전략게임을 이런식으로 하는건 처음인데 아직 안질리고 하고잇슴댜. 캐릭터들이 너무 예뻐요 ㅠ,별표 5개 만점에 5개를 받았습니다.,5
2019-05-14,다 좋은데 전투속도 배속 올려주시거나 전투종료 후 빠르게 넘어가서 속행 가능하게 해주시면 안될까요? 넘어가는데 답답한것 같아요,별표 5개 만점에 5개를 받았습니다.,5
2019-04-06,처음엔 지루한 감이 있지만 오래하면 할수록 재밌어지네요ㅎㅎ 근데 약간의 과금을 해야 더욱 더 재밌습니다ㅠㅠ,별표 5개 만점에 5개를 받았습니다.,5
2019-05-01,보안프로그램 충돌때문에 게임이 안들어가집니다. 2주년인데 들어가지도 못하게 해두면 게임을 어떻게 하란건가요,별표 5개 만점에 1개를 받았습니다.,1
2019-04-27,물론 2주년된 게임이라 지금 시작한 뉴비로썬 할것도 알아야될것도 많지만 이것저것 찾아보니 꽤 잘만든 전략게임인거같네요!! 재밌게 하고있습니다!!,별표 5개 만점에 5개를 받았습니다.,5
2019-04-09,"다들 잘 안나온다 하는데 원래 원하는거 잘 안나옴 난 원한적 없는데 루시우스,레비아,아스모드 얻었음 그리고 도미너스 옥토 아니더라도 버릴캐릭터는 ㄹㅇ 하나도 없다는게 이 게임만의 장점이자 단점임 모든캐릭터를 소중하게 키울수있다는 장점과 하나 잘못버리면 스토리진행 자체가 막힌다는 단점",별표 5개 만점에 5개를 받았습니다.,5
2019-05-14,잡소리는 치우고 저번 점검이후 다운로드가 안되는데 무슨 상황인거여,별표 5개 만점에 1개를 받았습니다.,1
2019-04-16,재밌어요 근데 좋아요받기최대수제한없애주시거나 늘려주시고 하루에 3명정도 누를수있게해주세요 나머진 다 좋아요!,별표 5개 만점에 5개를 받았습니다.,5
2019-04-28,"재가 귀여운건 엄청 좋와하거든요? 캐릭터도 귀엽고,재미있어요!!!",별표 5개 만점에 5개를 받았습니다.,5
2019-05-05,무과금으로 오래 할 수 있는 게임. 노력으로 되는 게임. 하지만 일러는 여전히 빻,별표 5개 만점에 5개를 받았습니다.,5
2019-05-14,음 방어력 즉 생명력이 부족한느낌이 없지않아 있네요,별표 5개 만점에 5개를 받았습니다.,5
2019-04-16,3성으로도 어느정도 해내지만 끝자락쯤 가면 역시 한계가 보입니다... 뽑기의 신이 여러분과 함께하길.,별표 5개 만점에 5개를 받았습니다.,5
2019-03-18,사람들나가는이유가잇다 전설뽑기900다이아 10여차례햇는데 전설은커녕 4성 3개나옴 3성모아 합성이나 하라는거냐,별표 5개 만점에 1개를 받았습니다.,1
2019-04-08,진씸 가챠시스템 개같이 비싸네 한달에 기본 20만원씩 해여해 ㅡㅡ 고인물 많아서 뉴비는 결장 점수 올릴수가 없네,별표 5개 만점에 1개를 받았습니다.,1
2019-04-12,복귀유저입니다~처음부터 다시하고 있는데 게임은 재미있습니다 다만 처음부터주는 용병들이 너무 좋아 만들어놓은 튜토리얼을 따라할 필요가 없었젔네요~신규유저를 위함임은 알지만 좀 그래요,별표 5개 만점에 5개를 받았습니다.,5
2019-05-09,확률적인 문제가 보이지만 게임성은 괜찮아요^^;;,별표 5개 만점에 3개를 받았습니다.,3
2019-05-07,"삭제했다 다시 설치하면,레벨1부터 다시 시작해야 되는지 알고 싶습니다",별표 5개 만점에 4개를 받았습니다.,4
2019-05-18,오래된 게임이지만 그만큼 재밌네요 일단 스토리모드만 했지만요,별표 5개 만점에 4개를 받았습니다.,4
2019-04-18,게임은 진짜 재밌는데 뉴비로서 따라잡기 너무 힘들고 공식카페에서 조차 무조건 돈주고 사서라도 루시우스를 가져가라는데 그정도의 사기캐릭이라면 너프를 하던가 다른 옥토처럼 뽑기로 하던가 해야하지 않을까요?,별표 5개 만점에 4개를 받았습니다.,4
2019-04-10,쓰레기중 쓰레기 대체 얼마를 가져다바쳐야 전설한개 얻을수 있을까 걍 돈받고 팔아 확률제로에 가까운 가챠로 사람들 농락하지말고,별표 5개 만점에 1개를 받았습니다.,1
2019-05-01,중독성 갑이구 다좋아요!!!짱짱 최고 !!근데 캐릭터를 검색하면 등장하게해주세요 캐릭이 넘 많아서 캐릭터를 못찾겠어요 근대 너무 갓겜같구 재미있어여,별표 5개 만점에 5개를 받았습니다.,5
2019-03-30,제가 지금까지 해본 게임중에서는 제일 무과금에 쉽고 재밌습니다! 블로그에도 포스팅 할거에영!! 이대로 초심만 유지해도 갓겜으로 남을듯 합니당...ㅎㅎ,별표 5개 만점에 5개를 받았습니다.,5
2019-04-24,2주년 사전 쿠폰번호가 16자로 안오고 4자리로 오고 혹시나 4자리 번호쿠폰번호로도 해봤는데 유효하지 않다고 합니다,별표 5개 만점에 3개를 받았습니다.,3
2019-03-21,스토리도 재밌고 게임그래픽과 게임플레이도 이벤트도 다양하고 재밌습니다! 뽑기 시스템도 확률업 이벤트도 해주고 좋아요!!,별표 5개 만점에 5개를 받았습니다.,5
2019-04-24,왜 2주년사전예약쿠폰 쿠폰번호가 이상하다는거죠? 쿠폰 등록이 안됩니다,별표 5개 만점에 4개를 받았습니다.,4
2019-04-30,rpg 특유의 캐릭터를 성장시키는 즐거움과 나만의 전술을 만드는 재미가 있어요,별표 5개 만점에 4개를 받았습니다.,4
2019-05-12,꿀잼이네요! 턴제여서 답답할줄알았는데 빠른 진행 좋네요,별표 5개 만점에 5개를 받았습니다.,5
2019-04-18,현질을 해야 확실히 편함. 대신 일러스트 이쁘고 게임성 좋으니 적당히 취미생활 한다 생각하면 꿀잼,별표 5개 만점에 4개를 받았습니다.,4
2019-05-13,굉장히 재미있고 고성이라도 머리를 제대로 굴리지 않으면 별3개를 받기 어렵습니다.,별표 5개 만점에 5개를 받았습니다.,5
2019-04-26,음..아직까지는 할만해요 점점 머리를 써야하니 이런걸 좋아하시는분은 추천,별표 5개 만점에 5개를 받았습니다.,5
2019-05-09,"적절하다, 혜자다. 즉 인생겜이다.",별표 5개 만점에 5개를 받았습니다.,5
2019-05-14,리세하다가 게정초기화햇는데 실수로 복구되나요?ㅜ 레비아잇는게정입니다,별표 5개 만점에 5개를 받았습니다.,5
2019-04-24,2주년 이벤트 사전예약을 하였는데 쿠폰번호가 NULL이라 뜹니다. 확인부탁드려요,별표 5개 만점에 1개를 받았습니다.,1
2019-03-18,다 좋은데 유저게시판 좀 고쳐줬으면 좋겠음 좋아요는 한번누르면 취소도안되고 좋아요 어글 끄는놈들한테는 비추 박고싶은데 그것도 안됨 거기에 미친 놈들이 게시판에 야한얘기만 짓껄여놔서 신고박고싶음 우리같은 늅늅이들은 그 캐릭에 관한 객관적인 평가가 듣고싶은데 옛날에 적어놨던 드립이나 이상한 섹드립만 적혀있어서 볼때마다 짜증남 그리고 조금 최신 순으로 보는기능도 만들었음 좋겠음 평가가 다 예전거라 요즘 메타 상황이 어떤지 잘 모르겠음 거기다 좋아요도 잘못받게 됨 이정도로만 고치면 ㄹㅇ 개갓겜,별표 5개 만점에 4개를 받았습니다.,4
2019-04-24,2주년 사전예약 쿠폰번호 문자받았는데 NULL(표기되지않음)으로 뜹니다 어떻게 해야하나요,별표 5개 만점에 5개를 받았습니다.,5
2019-04-24,2주년 쿠폰번호가 제대로 안온듯 합니다ㅡㅡ 쿠폰번호가 NULL 로 써져있던데 나만 그렇게 온건가?,별표 5개 만점에 3개를 받았습니다.,3
2019-04-20,어떤식으로 배치를하는가에 따라서 달라지는 효과가 너무 잼있는거같아요,별표 5개 만점에 5개를 받았습니다.,5
2019-04-16,무과금 이라서 그런가 나름대로 쫌 어렵다 스토리 미는것도 후반가면 애법힘들고 결장도 골드가니까 쫌 힘들더라 이겜마져도 과금을 해야하근것인가..........,별표 5개 만점에 4개를 받았습니다.,4
2019-04-19,어렵긴한데 다른 사람이랑 경쟁하지말고 걍 천천히 시나리오나 보면 꽤 오래할 수 있을 듯,별표 5개 만점에 4개를 받았습니다.,4
2019-03-27,옆 세븐나이츠는 그냥 돈 들여서 캐릭터 키우고 얼마나 잘컷나 구경하는 건디 이건 키우고 자리배치하고 자폭병이 언제 공격하면 좋을지 다 구상해서 게임하네 RPG 특성상 캐릭빨이 심한데 아직까진 아직까지는 재밌게 하는 중,별표 5개 만점에 5개를 받았습니다.,5
2019-03-30,게임성은 나쁘지 않은듯 합니다. 취향문제가 있을듯 합니다 가챠도 그렇고 그렇다고 재미가 없는건 아니니 할만할듯해요,별표 5개 만점에 5개를 받았습니다.,5
2019-05-09,첨엔 모가몬지 몰겟지만 하다보믄 나름 재미짐 렉도 별로 없고,별표 5개 만점에 4개를 받았습니다.,4
2019-04-07,너무 전투끝나고 나오는 캐릭터가 야해요! 그러니 야한거싫어요! 고쳐주세요!! 감사합니다.,별표 5개 만점에 3개를 받았습니다.,3
2019-05-09,초반 시나리오 미는게 너무 지겹고 오래걸리지만 인내의 시간을 갖고나면 전략적인 요소들과 게임성에 푹 빠집니다,별표 5개 만점에 5개를 받았습니다.,5
2019-03-27,50만원짜리 1마리 랜덤뽑기 돌려서 확률 10퍼짜리 에딘 뽑을 자신있으면 하세요 천장도 없음,별표 5개 만점에 1개를 받았습니다.,1
2019-04-16,영혼장비에서 용병클릭하면 용병페이지로넘어가게 업뎃좀 해주세여 장비업그레이드하기너무 불편해여,별표 5개 만점에 3개를 받았습니다.,3
2019-05-01,진짜 한번만이라도 열심히 하면 정말 재미있게 할 수 있는 멋진 게임이다,별표 5개 만점에 5개를 받았습니다.,5
2019-04-13,그냥 자체 5성확률도 완전 극악이고 계정 초기화하고 다시 하려니까 300MB 아니면 150MB 만큼 매 회마다 패치하라고 뜨네요,별표 5개 만점에 3개를 받았습니다.,3
2019-05-04,제가하던계정이 폰을 바꾸면서 없어졌습니다 루시우스 마몬 월야 라우라 등 많은캐릭터들이있었는데 너무 허무합니다,별표 5개 만점에 1개를 받았습니다.,1
2019-05-05,보상도 적지않게 주고 무엇보다 현질유도가 너무 심하지않는것이 좋네용 그리고 보통 딴 게임들은 초반 난이도가 쉬워서 재미가 없는데 난이도도 딱 적당합니다.올 만에 좋은 게임 건졌넹 ㅎㅎ,별표 5개 만점에 5개를 받았습니다.,5
2019-05-11,버그 고쳐주셔서 감사합니다ㅠㅠ지금까지 얼마나 하고싶어서 더 재밌는 것 같다ㅠㅠ,별표 5개 만점에 5개를 받았습니다.,5
2019-04-24,2주년사전예약했는데 쿠폰번호가 NULL값이들어가있네요 확인가능하신가요?,별표 5개 만점에 4개를 받았습니다.,4
2019-04-16,재밌긴합니다 근데 5성영웅소환권이랜덤이아니였으면합니다 자폭하는메르세데스를쓸만큼 케릭이너무안나옴니다,별표 5개 만점에 4개를 받았습니다.,4
2019-05-09,최근 3년동안 중 제일 괜찮은 듯 밸런스도 그렇고 결장 시나리오 덱 다른것도 일러도 괜찮은 듯,별표 5개 만점에 5개를 받았습니다.,5
2019-03-25,게임이 무척 재미있네요!!! 키우는 게 좀 눈앞이 캄캄하지만....,별표 5개 만점에 5개를 받았습니다.,5
2019-03-18,레아알 재미있게 하고있눈 유저인데일러가 넘 예쁘요 그리구 뽑기도 잘나오고 전설도 잘나오니까 무과금도 할수있눈 게임입네다~~~~,별표 5개 만점에 5개를 받았습니다.,5
2019-03-31,재밌긴한데 이런류의게임이 거의 그렇듯이 인내심이필요함... 출시된지 오래되서그런지몰라도 결장돌리기에두 시간이필요하고 용병키우는것도시간필요하구,별표 5개 만점에 5개를 받았습니다.,5
2019-04-15,아주 잘 만든 게임입니다. 턴제 시뮬 좋아하시면 강추드려요,별표 5개 만점에 5개를 받았습니다.,5
2019-05-03,뽑기 전설한개도 못뽑네 ㄷㄷ 40레벨때 받는거말고는 없구만ㅋㅋㅋ,별표 5개 만점에 1개를 받았습니다.,1
2019-05-19,요즘 들어서 서버가 불안정해지는거 같은데요? 자꾸 렉 걸리고 튕기내요,별표 5개 만점에 1개를 받았습니다.,1
2019-04-24,이번에받은쿠폰이 사용이안됨니다 4자리만있는기 입력하는곳에선16자리라되있기도하고요,별표 5개 만점에 5개를 받았습니다.,5
2019-05-18,갓겜 차냥해!!!!!!!!!!!!!!!,별표 5개 만점에 5개를 받았습니다.,5
2019-04-24,쿠폰 번호가 4자리만 왔는데 어떻게 해야 하나요?,별표 5개 만점에 5개를 받았습니다.,5
2019-04-23,재밌어요 조금 플레이가 머리를 써야해서 어렵긴하지만 하다보면 익숙해질것같아료,별표 5개 만점에 5개를 받았습니다.,5
2019-04-24,재미있게하고있습니다 근데 2주년쿠폰번호가 NULL로 뜨고 다른번호가안날라왔네요,별표 5개 만점에 4개를 받았습니다.,4
2019-05-15,다이아도 soso하고 이벤트도soso하고 재미도있고,별표 5개 만점에 4개를 받았습니다.,4
2019-04-29,이벤트 가 혜자입니다 더더욱 혜자라면 신규 유저들이 많이올것같네요 캠페인도 추가하고 난이도와 뽑기확률도 조금 높아지게끔하면 5성만.. 그럼 바랄게없네요,별표 5개 만점에 5개를 받았습니다.,5
2019-05-06,광고에나와서 별로라고 생각해서 욕쓸라고했는데 재밌고 퍼주는겜이라 재밌게함 ㅋㅋ,별표 5개 만점에 5개를 받았습니다.,5
2019-03-19,게임은 재밌습니다 재밌는데요 현질 유도가 너무 심하고 캠페인조차 중반부턴 강럭한 캐릭터 없으면 절대 못 깨놓게 만들어놨습니다 진짜 캠페인 깨다가 속터져 죽는줄 알았네요,별표 5개 만점에 3개를 받았습니다.,3
2019-05-06,나름 잼잇긴한데 고인물 겜이라 들어서 앞이 깜깜함 ㅋㅋㅋ 무념무상으로 하는중,별표 5개 만점에 4개를 받았습니다.,4
2019-04-06,시작한지 얼마안된 유저입니다. 아직까지는 현질의 필요성을 느끼지 못하고 있습니다.,별표 5개 만점에 4개를 받았습니다.,4
2019-04-24,2주년 기념쿠폰이 도착했는데 4글자인걸 어떻게사용하라는지..,별표 5개 만점에 1개를 받았습니다.,1
2019-04-24,추억의 흔적 어디서 바꾸나요? 아무리 뒤져도 안보이는데,별표 5개 만점에 3개를 받았습니다.,3
2019-05-03,시작장에서 구글 로그인 누르면 화면창이 뜨다가 사라져서 로그인이 안됩니다,별표 5개 만점에 4개를 받았습니다.,4
2019-04-16,전설급 용병 없으면 스토리도 깨기 어려워요. 근데 전설급 용병 안 걸림 ㄹㅇ,별표 5개 만점에 2개를 받았습니다.,2
2019-04-09,옛날느낌나서 좋아요. 요즘 양산 게임같지 않아서요.,별표 5개 만점에 5개를 받았습니다.,5
2019-03-29,질리지 않는 2d캐릭터 예쁜 일러스트 부지런한 이벤트 게임성은 독창적이지만 난 복잡해서 꾸준히 키운 캐릭터만 쓰지만 결국 내 폰에 유일하게 남은 게임이 되었다,별표 5개 만점에 5개를 받았습니다.,5
2019-04-16,편하게 할 수 있음 전설 유닛이 좀 문제긴한데 그래도 겜 진행하는데 문제는 전혀 없음. 결투장만 단념하면 안될건 없음,별표 5개 만점에 5개를 받았습니다.,5
2019-04-15,정말 다좋은데 이번에 하는 사전예약 페이지에서 사전예약 신청하기 버튼이 안눌려요 ㅠㅠ,별표 5개 만점에 4개를 받았습니다.,4
2019-04-12,아기자기한 게임. 첨에는 복잡하게 느껴지는데 좀지나니 괜찮아요. 지금은 앞만보고 달림.ㅎㅎ,별표 5개 만점에 4개를 받았습니다.,4
2019-04-11,전설 계약서 패키지를 구매했는데 들어온게 없습니다,별표 5개 만점에 5개를 받았습니다.,5
2019-04-02,아 제가 잘못 확인 한것같습니다 죄송합니다.,별표 5개 만점에 5개를 받았습니다.,5
2019-04-30,이 게임은 뭐 다른 나쁜점은 별로 없고 수집형 게임인데 수집이 안되,별표 5개 만점에 2개를 받았습니다.,2
2019-04-11,컨텐츠가 늘어나는게 아니라 신캐를 내놓는게 업데이트인줄암 심지어 직원이 유일한 pvp대회 휩쓸고 직원의 주력캐릭터는 모두 떡상,별표 5개 만점에 1개를 받았습니다.,1
2019-04-24,이벤트 쿠폰이 왔는데 쿠폰번호가 null이라고 나왔네요 무슨.. 할말은 많지만 그래요 그렇다구요 그래서 별1개 드립니다.,별표 5개 만점에 1개를 받았습니다.,1
2019-05-10,루시우스 발제 없으면 서러워서 게임하겠나 ㅠㅠ,별표 5개 만점에 2개를 받았습니다.,2
2019-03-18,전설 몇개가 사기적으로 좋은건 이해하는데 그것도 조합이나 강화가 받혀줘야 사기적인거고 이 겜은 오래하면 기본 조합이나 강화는 충분히 할 수 있어요,별표 5개 만점에 4개를 받았습니다.,4
2019-04-24,2주년 사전예약 쿠폰 번호가 16자리인데 왜 NULL 이라고 문자 보내진거죠??,별표 5개 만점에 3개를 받았습니다.,3
2019-04-28,첫날이라 하는데 잘 몰라도 .. 나름 재밌네요.,별표 5개 만점에 5개를 받았습니다.,5
2019-05-11,이런류게임이 처음인데 재밋네요ㅇㅅ,별표 5개 만점에 5개를 받았습니다.,5
2019-04-13,하...이런 게임은 지금껏 처음이네 오케이 그렇게 나오니 난 이게임 신고하겠음 ㅇ~~ㅅㄱ,별표 5개 만점에 1개를 받았습니다.,1
2019-05-09,좋아요~~클 릭 클 릭.......,별표 5개 만점에 5개를 받았습니다.,5
2019-05-07,재미있어요 과금하지 않아도 충분히 메리트 있게 게임진행할수있어요,별표 5개 만점에 5개를 받았습니다.,5
2019-04-04,아직.초반이라.잘모르겟지만.할만한거같네요,별표 5개 만점에 4개를 받았습니다.,4
2019-02-24,재미는 있는데 정말 현질없이는 키우는데 너무 오래 걸립니다. 한 달에 한번이라도 5성소환권등의 아이템이나 무과금유저들을위해 주셨으면 정말 감사하겠습니다. 제 친구들도 많이 했었지만 무과금 유저라 힘들다며 게임을 대부분 지웠습니다. 이렇듯 무과금유저들을 위한 컨텐츠나 게임의 방향성을 한번 더 생각해주시기를 부탁드립니다. 감사합니다 게임은 잘 하고 있습니다.,별표 5개 만점에 3개를 받았습니다.,3
2019-04-06,재밋긴 한데 확률 조금만 더 올려주면 안 되나... 글구 2주년 업데이트가 드뎌 와서 겁나 좋습니다!,별표 5개 만점에 5개를 받았습니다.,5
2019-03-18,다양하고.개성넘치는.용병들을.전략적으로 잘 조합하여.적을무찌르자!!~,별표 5개 만점에 5개를 받았습니다.,5
2019-05-01,재미나요. 속도 개선이 좀 필요해 보입니다,별표 5개 만점에 5개를 받았습니다.,5
2019-04-21,요즘게임들과는 다르게 딜뽕은 없는데 확실히 전략성이 큼 맘에든다,별표 5개 만점에 5개를 받았습니다.,5
2019-05-15,무과금으로 해도 조금씩 모으는 재밌음,별표 5개 만점에 5개를 받았습니다.,5
2019-04-16,일러스트와 UI 디자인이 특히 마음에 드네요,별표 5개 만점에 5개를 받았습니다.,5
2019-04-18,"늦게시작했는데, 게임방식이 신선하니 좋아요",별표 5개 만점에 5개를 받았습니다.,5
2019-04-11,제발....밸런스패치좀해주세요....헬좀너프하세요도발을뺀다거나옥토가헬공격했다가죽는대왜심각성을모르는건가요...,별표 5개 만점에 1개를 받았습니다.,1
2019-03-20,재미있게 잘 어울리는 디자인 정말 좋은 게임입니다,별표 5개 만점에 5개를 받았습니다.,5
2019-04-24,2주년 쿠폰이 왔는데 쿠폰 번호가 null??? 어쩌라는거조?,별표 5개 만점에 4개를 받았습니다.,4
2019-03-04,"무과금은 힘든것 같내요.. 확률도 심각하게 낮은거 같습니다. 결투장도 접은 6성, 각성 애들만 매칭되니 이길수도 없고 평가에 보니 과금전사 대우도 없다고 하니 무과금으로 버틸 수 있는만큼하고 떨어져야죠. 별 한개로 수정합니다. 방금 전설계약서 40개 돌렸는데 5성 하나도 안나오고 4성도 되도않는것만 나와서 접습니다. 확률 진자 극혐입니다. 입문하지마세요. 입문3일차 접습니다.",별표 5개 만점에 1개를 받았습니다.,1
2019-03-03,5일정도 해보면서 느낀점은 이런 뽑기게임은 처음 오픈할때 아니면 하지말란 얘기를 하고 싶네요.열심히 해도 결투하는곳에선 접은 사람도 못이깁니다.새로 시작하시는분들한텐 아무리 이벤트를 많이 줘도 절대 시간을 따라잡긴 힘듭니다. 차라리 새로나온 겜을 하세요. 재미는 있습니다.그냥 시나리오만 하실꺼면 괜찮습니다.뽑기도 확률 극악입니다.,별표 5개 만점에 2개를 받았습니다.,2
2019-04-24,생각보다 재미있는데 이상하게 이게임만 하면 졸림 지루한게 아닌데 졸림 ㅡㅡ,별표 5개 만점에 4개를 받았습니다.,4
2019-04-27,스토리랑일러스트 가훌륭합니다 왜이제야알아는지후회돼는군요,별표 5개 만점에 5개를 받았습니다.,5
2019-05-09,옥토나오기직전에 6마성뽑아서 ㅈ댐 ㄹㅇ 개같다 6마성없애라좀,별표 5개 만점에 1개를 받았습니다.,1
2019-04-10,계정사라짐 이게 게임이냐?열심히할라해도 못하게하네,별표 5개 만점에 1개를 받았습니다.,1
2019-03-18,정말 이 게임에서 최고가 되겠다 이런사람 아니고 그냥 이쁜 일러보면서 즐기겠다 하기에는 나쁘지 않은 게임. 전략 짜는 맛도 있고 무과금도 5성이나 선택 6마성 선택 옥토 등으로 적당히 할 수 있는 것 같음. 하지만 전설뽑기에 매달리는 순간 헬게이트 오픈.,별표 5개 만점에 3개를 받았습니다.,3
2019-05-01,아무 생각없이 할만한겜 찾아보다가 시작했는데 계속하게 됌,별표 5개 만점에 5개를 받았습니다.,5
2019-04-16,재미있는데요 이 게임에서 결장이나 신결에서 이길려면 현질이 필수예요 근데 또 게임은 재미있어서 끊지를 못하겠어요,별표 5개 만점에 4개를 받았습니다.,4
2019-03-18,너무 재밌지만 5성 얻기가 너무 어려워요,별표 5개 만점에 5개를 받았습니다.,5
2019-04-14,아이디찾고 싶은데 어떻게 해야하나요?,별표 5개 만점에 5개를 받았습니다.,5
2019-02-22,고객센터 서비스 최악. 복구서비스 신청했더 더니 신청양식에서 획하나라도 빠지면 승인불가처리때림. 알고보니 3월에 해당업무 종료된다고 시간끌기중이었던 것. 무조건 한달은 결제하지말고 지켜봐 나처럼 팔십만원 버리지말고.,별표 5개 만점에 1개를 받았습니다.,1
2019-04-28,"해보는 중이지만, 아직까진 과금 요소 필요 없음.",별표 5개 만점에 5개를 받았습니다.,5
2019-04-27,아니 다 좋은데 사전여약 쿠폰이 안오네요 아직 올따가 안됳나요?,별표 5개 만점에 4개를 받았습니다.,4
2019-04-29,게임은 재미 있는데 캐릭터 의상이 너무 19해요..,별표 5개 만점에 5개를 받았습니다.,5
2019-03-30,나름 신선합니다 옛날 피시로 한 이누야샤 생각 나네요ㅎㅎ,별표 5개 만점에 5개를 받았습니다.,5
2019-04-24,4주년 업데이크 사전등록 해서 쿠폰번호 받았는데 영어 4글자길래 그대로 썻는데 안됀다 하면 유저는 어떡해야하죠?,별표 5개 만점에 1개를 받았습니다.,1
2019-02-16,"오토에 지친 분들, 여기로 오세요! 세7나이ㅊ 같이 진형 무시하고 광역 팡팡에 탱커는 의미가 없는 게임 하지 말고 이곳, 모든 케릭터에 쓰임새가 있는 브더로 오세요! 재미를 느끼고 싶다, 시는 분들! 스스로 제한을 두세요! 5성 없이 캠페인 시즌1의 40 스테이지까지 클리어하기! 초창기는 결투장은 상관말고 스토리를 즐겨보세요! (지금 오면 몇 달은 있어야 다이아 감)",별표 5개 만점에 5개를 받았습니다.,5
2019-01-01,다 좋은데 밸런스좀 어떻게 해주시면 안되나요.. 모든 사람들이 사기캐릭위주로만 플레이하다보니 당연히 비주류 영웅들이 등장하고 그런 영웅이 등장한 뉴비들은 자련스레 게임에 흥미를 잃게됩니다. 그러니 많이 쓰이지 않는 영웅들 위주로 버프를 시켜주시거나 사기성 영웅들의 너프가 필요할 듯 합니다. 또한 일러스트도 너무 성상품화 된듯 하네요. 그 외의 모든 것은 완벽할 정도로 흠이 없습니다. 화이팅!,별표 5개 만점에 3개를 받았습니다.,3
2019-05-17,재미있어요 하지만...,별표 5개 만점에 4개를 받았습니다.,4
2019-01-16,"재밌는 게임입니다. 전반적으로 짜임새 있고 전략 게임인 만큼 등급이 낮은 캐릭이라도 쓰임새가 다양합니다. 물론 좋은 캐릭이 존재하지만 인게임에서 재화도 충분히 주고 양심 없고 너무한 정도는 아닙니다. 캐릭 등장확률도 나쁘지 않구요. 턴제 게임인 만큼 각 스테이지 머리써서 깨는 맛이 쏠쏠합니다. 단 pvp 컨텐츠로 들어가면 op 적폐 캐릭이 판치는 속으로 뛰어드셔야 합니다. 스트레스 받기 시작하는 순간이지만요 뭐 그때 되면 과금 갓겜입니다. 겜 시작하시는 분들께 드리고 싶은 말씀은 중과금 하실게 아니라면 천천히 여유롭게 길게 보고 해...
전체 리뷰",별표 5개 만점에 5개를 받았습니다.,5
2019-02-28,전설없으면 결투장에서 올라가질못함. 근데 1년동안모은 다이아로 다 꼬라박았는데 안나옴. 다른 5성캐릭은 성능이좋아서 키워놓으면 너프하고 밸런스장난질이 심함. 제작진이 카페징징글만보고 밸런스맞춤,별표 5개 만점에 1개를 받았습니다.,1
2019-01-14,"무과금으로 7개월정도 하고있으며, 결투장 2400점 유지하고있습니다. 재밌게 하고 있지만... 전략게임답게 전략으로 점수를 올릴 수 있었지만, 시간이 지남에 따라 전략보단 사기챔의 오버파워로 전략이 퇴색된지 오래되었습니다. 밸런스를 제발좀 생각해주세요 모든 사람 다 밸런스 붕괴로 떠나가고있습니다",별표 5개 만점에 2개를 받았습니다.,2
2019-04-22,대규모 패치이후 재연결 연결시도 허구헌날 뜨는데 언제 고처요 멜론 잘써지는걸 봐선 휴대폰 네트워크 문제는 아닌거같은데,별표 5개 만점에 1개를 받았습니다.,1
2019-04-11,정말 재밌네요 턴제 모바일겜중에 단연 원탑입니다.,별표 5개 만점에 5개를 받았습니다.,5
2019-01-02,"1년 정도 플레이한 유저인데 게임성은 칭찬하지만 기존 유저들을 기만하는 운영방향과 신규유저가 핵심 용병을 보유하지 못하면 얼마안가 접을 수밖에 없는 구조.. 최고매출 순위는 50~120을 오감 브라운 더스트를 거쳐간 유저들이 정말 많은데 리세마라만 안해도 되는 환경 만들면 복귀가 많을거라고 생각함. 그만큼 게임성은 뛰어남. 하지만 나는 삭제함. 맞음 0.05퍼는 열심히 한다고 뽑을 수 있는 게 아니었음. 오래 버텼다고 생각함. 그 0.05퍼 확률을 뚫고 루시 아스 발제를 얻어낼 자신이 있거나 최소한 3만원하는 루시 스타트계정을 사서...
전체 리뷰",별표 5개 만점에 1개를 받았습니다.,1
2018-12-08,"고민하는 즐거움이 있는 턴제게임의 묘미, 서로 물고 물리는 상성, 다 좋으나...... 가챠게임 특유의 뽑기운, 운영미숙으로 인한 트러블, 양산형 판타지 스토리가 아쉬움. 수작이긴하나 명작까지는 애매한 수작과 명작사이의 위치에 있는게임. 과금유도가 하드하진 않으니 해볼만은 합니다",별표 5개 만점에 4개를 받았습니다.,4
2019-03-18,퍼주는게 많아서 돈 없이도 충분히 즐길수 있음 ㅋㅋㅋㅋ 일러가 맘에 듬,별표 5개 만점에 5개를 받았습니다.,5
2019-05-06,케릭 개성넘치고 천천히 생각하면서 하기에 좋은게임,별표 5개 만점에 4개를 받았습니다.,4
2019-05-14,복귀유저입니다 ㅎㅎ,별표 5개 만점에 5개를 받았습니다.,5
2019-03-18,"내가 진짜 참다참다 열받아서 글쓴다 한동안 접었다가 복귀해서 재미붙어서 하고있는데 진짜 무슨 게임이 세이르 하나 있고 없고때문에 승패가 갈리냐? 진짜 좀 적당히 해야지 5성스킬북같은거 드럽게 주지도않고 매번 돈빨아먹으려고 패키지로 몇만원씩 질러야 하나주고 뽑기확률은 개노답이라 신캐가 나와도 뽑지도 못하고... 다 노답인데 세이르는 밸런스파괴 주범인데도 관련해서 패치 하나도 없다 솔직한말로 세이르 혼자 남고 9명 전원 살아있는상태인데 1:9 밀려서 게임터지는게 말이되냐? 게임 오래가고싶고 과금이라도 더 뽑아먹고싶으면 뽑기확률이랑 밸런...
전체 리뷰",별표 5개 만점에 1개를 받았습니다.,1
2018-12-06,"아 제가 게임 엄청 재밌게 하면서 했는데 제가 계정이 있었 거든요 그런데 엄데이트하면서 계정이 사라졌어요 ㅠㅠ 저는 이로치2009라는 아이디로 42렙이었고 6마성에 마검 들고 있는 여자 스킬 스킨은 비키니 입고 있는거 1강,날개 한쪽인 여자 노강, 이랑 새로 추가 된 마법형 바란색 머리 남자 노강 가지고 있었어요 ㅠㅠ 저 열심히 했는데 못하니까 슬퍼요 ㅠㅠ 그리고 재가 있던 길드는 '주인공'이 었어요. 재발 복구 부탁드려요 ㅠㅠㅠㅠ",별표 5개 만점에 5개를 받았습니다.,5
2019-01-03,"돈때려 박을거 아니면 하지마세요 무과금으로 36-6스테이지까지 해봤는데 pvp시스템이 아니라 스토리 모드에서도 4성이상 고강 케릭터가 필요한게임입니다 게임 시스템상 케릭 스킬강화는 같은 케릭이나 스킬북이라는 걸로 올려야하는데 동일 케릭이 나오기 힘들뿐더러 스킬북도 3~5성으로 있고 특정던전을 돌아서 뽑는게 아니라 현질입니다. 다른게임같은경우 탈3성 뭐다해서 낮은 등급을 키워서 깨느경우가 잇지만 이게임은 그런거 안됨 초반까지만 괜찮지 중반 넘어가면 탱커,딜러들이 제역할을 못합니다. 누구는 그러면 질르면 대지않냐 하고 하시는 사람도 있...
전체 리뷰",별표 5개 만점에 2개를 받았습니다.,2
2019-05-11,왜이제시작했을까!!!,별표 5개 만점에 4개를 받았습니다.,4
2019-04-10,5성 안나온다는데 무자본으로 대충해서 7마리나옴 ㅎㅎ,별표 5개 만점에 5개를 받았습니다.,5
2019-01-28,플레이좀 많이 했다 싶으면 하는것 1. 별5성만들기위한 노가다 2. 룬작 3. 결장작 4. 신비의섬 수금 5. 고유무기 수금 끝. 컨텐츠좀 늘려주든가 도미넌스 옥토 같은 놈들 얻게 확률을 높이던지 좀 하자. 리세마라 아니면 답이 없다.,별표 5개 만점에 4개를 받았습니다.,4
2019-04-28,재밌네요 조금더 속도감이있으면 좋겠어요,별표 5개 만점에 5개를 받았습니다.,5
2019-04-15,캐릭터들이 인게임 일러스트 둘다 이뻐서 좋어요!,별표 5개 만점에 5개를 받았습니다.,5
2019-04-11,게임성이나 완성도에 비해 저평가된 게임 생각보다 잘만들어져 있습니다,별표 5개 만점에 5개를 받았습니다.,5
2018-12-22,저만 그런건지는 잘모르겠는데 게임플레이 도중 1시간을 한다 치면 2~5번은 튕겨서 너무 불편해요ㅠㅠ 검은 화면이 3초? 정도 유지되다가 꺼져요.. 제 폰이 구려서 그런걸까요...?? ㅠㅠ,별표 5개 만점에 4개를 받았습니다.,4
2019-04-10,생애 처음으로 모바일겜에 2캐릭 총합 30만원 질러봤는데 남은건 똥가루 묻을만한 팬티원피스를입은 캐릭터 몇개뿐이더군요.. 그캐릭터 궁금해져서 가끔가다가 다시깔아보곤합니다.,별표 5개 만점에 1개를 받았습니다.,1
2019-05-13,대체로 만족합니다,별표 5개 만점에 5개를 받았습니다.,5
2019-01-16,재밌게 즐기고 있습니다 그런데 갑자기 오늘부터 로그인 오류가 나서 접속을 못하고 있습니다ㅠ.ㅜ 구글 아이디 사용하고 있어요.. 왜 이럴까요... (수정) 라고 썼는데 타이밍이 좋았는지 곧 오류 없이 로그인이 됩니다 지속적인 관리 부탁드려요 감사합니다^-^)b,별표 5개 만점에 5개를 받았습니다.,5
2018-11-14,시즌2 업데이트 소문 듣고 찾아왔습니다! 캐릭터들이 너무 너무 귀여워요~ 그리고 성우도 있어서 캐릭터 매력이 뿜뿜! 다이아? 같은 게임머니도 많이 받을 수 있어서 부담없이 즐기기 좋은 것 같아요. 강력추천 합니다!!,별표 5개 만점에 5개를 받았습니다.,5
2019-05-09,2주년 쿠폰번호가 안왔음 NULL이라고만 적혀서왔음,별표 5개 만점에 5개를 받았습니다.,5
2019-04-24,되게 재밌게 플레이하고 있습니다,별표 5개 만점에 5개를 받았습니다.,5
2019-03-31,4챕까지 진행중이라 상세평가는 불가능하지만 시스템 소개와 퀘스트가 잘 어울려있는듯.,별표 5개 만점에 4개를 받았습니다.,4
2019-05-06,뉴비가 무럭무럭 자랄수 있게 부탁함당,별표 5개 만점에 5개를 받았습니다.,5
2019-04-14,현질 유도가 다른 게임에 비해 덜 함,별표 5개 만점에 5개를 받았습니다.,5
2019-04-16,나름 중독성 있네요 하다보면 계속하게 됨,별표 5개 만점에 5개를 받았습니다.,5
2019-01-16,"게임은 매우 재밌게 플레이하고 있습니다.근데 버그가 발생했습니다.게임도중에 갑자기 나가졌고 전 단순히 오류인줄 알고 다시 접속할려는데 그 동의여부?같은거 묻는 화면이 나와서 당황하긴 했으나 이것도 오류겠지 하고 동의를 했는데 근데 이번엔 그 로그인하는 화면이 나와서 이것도 오류겠지 하고 페이스북계정을 눌렀는데 들어가나 싶더니 갑자기 나와지고 구글로도 했는데 구글도 접속이 안돼서 지웠다가 다시 설치하고 또 실행해 봤는데 안돼서 이렇게 글을 올립니다.그냥 계정이 날아간 것이면 어제 처음 설치해서 스펙이 막 높은것도 아니라 금방 다시 복...
전체 리뷰",별표 5개 만점에 5개를 받았습니다.,5
2018-12-22,너무 재밌어효로롤(?) 케릭터도 얻고 전투도해서 완전 꿀잼이에요. 제가 오늘시작해서 이벤트 참여하는방법을 모르겠어요 ??? 다이아도 많이주셨음 좋겠고 케릭터 확률1%만 올려도 진짜 완벽할것 같아용! 암튼 진짜 잼있어요!(???????????????? ?),별표 5개 만점에 5개를 받았습니다.,5
2018-12-06,생각보다 혜자게임입니다. 다만 일러가 항상 가슴과 허벅지만 강조하는것이 보기 않좋긴합니다. 캐릭터의 개성이 없어보여요. 남캐는 머리만 길면 여자같아지고,별표 5개 만점에 4개를 받았습니다.,4
2018-12-11,게임을 하다가 졸림 항상 잠듦 2배속 이상해야 모라도 하지 하는것도 없이 그냥 보고 있으면 지루한 수업이랑 뭐가 다름? 학교수업이 학생 위주의 활동 수업으로 점차 바뀌는 것처럼 게임 플레이어가 할 수있는 활동 즉 조작 혹은 지능플레이가 가능하도록 개선해야함 겜 할때마다 졸린다는건 문제가 있고 이점이 빠르게 개선되지 않는다면 난 조만간 겜을 지울 예정임,별표 5개 만점에 3개를 받았습니다.,3
2019-04-11,전략을 돈으로짜야함 광고대로 전략찢김,별표 5개 만점에 1개를 받았습니다.,1
2019-02-22,"재미는 있으나 인터페이스의 변화가 필요해 보임. 우선 턴재 RPG라는 요소가 매우 적합하게 적용된 게임이라 만족스러움. 스토리와 게임성 모두 적절하게 잡아냄. 재밌음. 다만 크게 두 가지 문제가 있음. 전략적인 요소가 크게 작용하지 못하는 구간이 존재함. 특히나 특정 스킬을 지닌 캐릭터가 없으면 진행이 불가. 이러한 문제점들은 뉴비들의 경우 이벤트 보상을 통해 어느 정도 메꿀 수는 있으나 이쯤 되면 전략이 필요 없어지는 느낌. 단순히 더 강한 캐릭터가 살아남는 것 같다. 그리고 또 하나의 가장 큰 문제는 인터페이스의 불편함. 보통 ...
전체 리뷰",별표 5개 만점에 4개를 받았습니다.,4
2019-01-18,솔직히 여태껏 했던 폰겜중 게임성이랑 컨텐츠는 진짜 인정하는데 무과금은 육성 속도가 질릴정도로 느림.. 소과금하면 그나마 낫고 핵과금해봤는데 원하는만큼 얻지는 못함. 요약하면 갓겜이긴한데 개돼지 게임임.,별표 5개 만점에 5개를 받았습니다.,5
2019-02-24,와라! 0.05%의 전설뽑 리세를 뚥으면 너도 상위 티어가 될 수 있다. 참고로 난 가장 이상적인 전설은 뽑지 못했지만 전설 하나 뽑는대만 일주일 리세했다. 못해도 하루의 게임을 10번 리세했지. 이게 0.05%의 진실이다.,별표 5개 만점에 4개를 받았습니다.,4
2019-04-24,2주년 쿠폰번호가 null 로 왔어요,별표 5개 만점에 1개를 받았습니다.,1
2019-01-16,이게임을 즐기고있다가 오류(?)로인해 초기화되어 메인화면으로 넘어갔는 데 거기서 다시로그인을 할려고 했는데 로그인이 않되네요ㅠㅠ 그레서 지우고 다시해봤는데도 안되네요.....,별표 5개 만점에 1개를 받았습니다.,1
2019-03-09,제가 창세기전3를 되게 좋아하는데 게임 플레이 스타일은 달라도 창3 추억을 되살려주는 게임입니다. 스토리도 탄탄하고 진행도 빠릅니다. 다만 그냥 rpg게임이 아닌 길드 및 대결이라는 복잡한 요소(?)가 있어 공부좀 해야겠습니다. ㅎㅎㅎ 단순히 즐기는 게임이 아닌 노력과 시간을 많이 투자해야하지 싶어요. ㅎ,별표 5개 만점에 5개를 받았습니다.,5
2019-02-19,개인적인 생각으로.. 일단 장점은 -완성도 높은 일러스트와 성우연기& 흥미로운 스토리 (아직 초반이지만..) 단점은 -좋은 용병을 얻기 힘들고 (무과금기준) 그에따라 스토리 챕터 진행에도 한계가 있다,별표 5개 만점에 4개를 받았습니다.,4
2019-04-15,아직 초반이긴한데 할게 많아서 재밌네요,별표 5개 만점에 4개를 받았습니다.,4
2019-04-16,ㅎㅎ뭐가뭔지모르겠음 일러보려고 하고있음,별표 5개 만점에 4개를 받았습니다.,4
2019-04-21,전략적인 게임을 원하신다면 ㅋㅋ,별표 5개 만점에 5개를 받았습니다.,5
2019-02-14,"10월인가 옥토 추가된 이후로 꼬박꼬박 전뽑에 퍼붓는데 지금껏 쓸모없는 레비아 하나 나온게 전부. 한때 그마까지 구경하던 결장등급은 다이아로 추락. 으쌰으쌰 합심해서 in100을 유지하던 활발하던 길드원들은 그놈의 뽑기옥토때문에 부길마가 현타맞고 접어버리는 바람에 위로는 길마부터 주력길드원들이 죄다 이탈하여 산소호흡기 달고있는 상황. 옥토와 마성은 동급임에도 이정도로 성능차이가 난다는게 통 이해가 가질않음. 대체 밸런스 누가 짜는 것인지?게임 룰 이해는 하고 있는지. 기획자 뺨다구올려야하는것 아닌지? 본인 스스로 가슴에 손을 얹고 ...
전체 리뷰",별표 5개 만점에 1개를 받았습니다.,1
2019-04-16,못잊어서 다시 하네요 그냥 생각나는 갬 입니다,별표 5개 만점에 4개를 받았습니다.,4
2019-04-17,업데이트가 왜 안 되죠,별표 5개 만점에 2개를 받았습니다.,2
2019-01-03,일단 일러스트의 그림이 게임돌릴때 캐릭터에게도 예쁜 모습이 잘 유지된것 같아서 꾸준히 하고있습니다. 여자 캐릭터는 특정부위가 너무 강조되서 조금 부담스럽기는 합니다. 계속해서 새로운 캐릭터들이 나왔으면 좋겠네요. 이건 유저들이 문제인 거지만 유저평가 내용이 적절지 못한 내용이 많아서 좀 아쉽네요 :) 안보이게 좀 지우고싶어요,별표 5개 만점에 5개를 받았습니다.,5
2019-01-13,리세마라 방법 게스트 계정으로 게임을 시작한다 챕터 2-10까지 클리어 한후 600다이아가 모이면 이벤트 베너에 있는 전설패키지(전설뽑기10장+골드30만골드)를 구매하여 루시우스가 나오길 간절히 바라며 뽑기를 누르고 안뜬다면 한숨 한번 쉬어주고 설정에가서 계정 초기화를 누르고 위 과정을 반복 한다. ps. 정신 건강을 위해 앵간하면 루시우스 스타트 계정을 구매하는게 좋을것 같다.,별표 5개 만점에 3개를 받았습니다.,3
2019-04-24,쿠폰번호: NULL 쿠폰번호 누락됐어요...,별표 5개 만점에 5개를 받았습니다.,5
2019-04-18,다 좋은데 성장시간이 너무 길어요,별표 5개 만점에 4개를 받았습니다.,4
2019-04-27,키우는 재미가 있어요~~^^,별표 5개 만점에 5개를 받았습니다.,5
2019-05-18,좋아요 아주.... 응 좋아,별표 5개 만점에 5개를 받았습니다.,5
2019-03-11,완전 똥겜 ㅋㅋㅋㅋ 전설캐릭 절대 안뽑히네 뭐 차라리 현질하라는 얘기네 ㅋㅋㅋ 아니면 이벤트에서 전설 캐릭 선택권 주면 모르까 완전 현질 과금 하라는 얘기네 ㅡㅡ 한번쯤 전설캐릭 이벤트 선택 권이라도 줫으면 할만 할텐데 ㅡㅡ 뭐 현질하라고 만든 전설 캐릭터네 미쳣네 ㅡㅡ,별표 5개 만점에 1개를 받았습니다.,1
2019-05-10,재미있어요 생각보다,별표 5개 만점에 4개를 받았습니다.,4
2019-02-07,"일러가 갓임, 진입장벽이 좀잇는데 그거 넘기면 그뒤로 꽃길 ㅋㅋㅋㅋ 그리고 시즌 2 과금해야 깬다는데 뭔개소리인지 모르겟음 ㅋㅋㅋㅋㅋㅋ 1-2주만 해본 브린이가 시즌2를 깰려구 하고잇네;; 공략은 쳐읽고 하시는가??? ㅋㅋㅋㅋㅋㅋ쨋든 갓겜임 꼭한번해보시길!",별표 5개 만점에 5개를 받았습니다.,5
2019-05-15,똥폰에 잔랙없이 잘돌아간다 갓겜..,별표 5개 만점에 5개를 받았습니다.,5
2019-04-23,재미는 있으나 아직도 모르겟음,별표 5개 만점에 3개를 받았습니다.,3
2019-04-20,재밋어요 근데별3조건이 좀 난해해요 턴제수가....,별표 5개 만점에 4개를 받았습니다.,4
2019-04-23,반복전투 할때 가끔식 튕기는데 그것만 빼면 ㄹㅇ 갓겜임 이런 갓겜 처음봄,별표 5개 만점에 4개를 받았습니다.,4
2019-05-10,역시 벤타나가 벤다 드립은 대단하다,별표 5개 만점에 5개를 받았습니다.,5
2018-12-11,은근 머리써야 하는(?)게임 ㅋㅋㅋㅋㅋ 의외로 재미있어서 계속 하게 되네요!ㅋㅋㅋㅋ다만 일반 일러스트랑 그 전투 일러스트 퀄리티가 좀 달라보이고 남캐가 얼마 없는느낌이라 아쉽..,별표 5개 만점에 4개를 받았습니다.,4
2019-05-15,현질필요없는 게임,별표 5개 만점에 5개를 받았습니다.,5
2019-03-06,"게임 자체는 재미있음. 다만 루시우스 스타터 등의 계정을 헝그리앱에서 돈주고 사던가, 1번에 30분 걸리는 리세마라를 몇일에서 수십일 해야 재대로된 시작을 할 수 있다는 현실앞에, 아무런 대책도 없는 운영이 안습일뿐. 중상위 이상(상위 약 40%정도)갈 생각없고 즐겜할 유저라면 대충대충 해도 무관함.",별표 5개 만점에 4개를 받았습니다.,4
2019-04-07,온라인 일진 되실꺼 아니면 현질 필요없을 것도 같네요 아직 초반이라 그런가.,별표 5개 만점에 5개를 받았습니다.,5
2019-01-28,일단 밸런스는 좋은데.... 뽑기 너무 극악인듯 했지만 하다보니 계약서 잘줘서 괜춘내요. 리세마하 30번정도하니 5성 3개나오네요 ㅋㅋ 전설은 포기했고요 드럽게안나와서.,별표 5개 만점에 5개를 받았습니다.,5
2019-03-03,"재밌긴 하지만 가챠확률,다이아 수급량이 필요다이아보다 훨씬 부족합니다. 그거만 보완하면 유저들이 더 늘어날겁니다. (3일 전쯤에 발제 감ㅅ...퍼벅)",별표 5개 만점에 5개를 받았습니다.,5
2019-03-25,시간만 많으면 주로 즐길수있을것 같음..,별표 5개 만점에 5개를 받았습니다.,5
2019-05-01,"리세마라도 편하고 재밌네요, 추천.",별표 5개 만점에 5개를 받았습니다.,5
2019-04-23,실수로 하고 있는 계정 지워는데 복구 가능할까요? 계정 이름은 빠리 이고 구글 계정 입니다 리뷰 보시면 빠른 답변 부탁 드리겠습니다,별표 5개 만점에 5개를 받았습니다.,5
2019-04-14,다른말 다필요 없음 3글자로 표현함 핵띵겜,별표 5개 만점에 5개를 받았습니다.,5
2019-04-20,머리를 살짝 굴려야함 나머지는 괜찮!,별표 5개 만점에 5개를 받았습니다.,5
2019-03-27,신선하니 재밌네요 한가지 단점은 일러가 너무 안이뻐서 수집욕이 안생기네요,별표 5개 만점에 5개를 받았습니다.,5
2019-04-21,복귀유저인데 올만에 다시하니 재미나네요,별표 5개 만점에 4개를 받았습니다.,4
2019-02-15,단기간으로 강해지고 싶다면 운이 엄청 좋거나 돈을 써야한다. 반대로 시간만들이면 강해진다. 5성도...... 음.... 오래하다보면 모인다. 하지만 그걸 기다릴 시간에 다른 게임에서 5성을 뽑는게 더 빠르다.,별표 5개 만점에 1개를 받았습니다.,1
2019-03-18,핵과금 유도한다고 하는데 그럼 안지르고 그냥 하면 되는거 아님? 꾸준히 키워가는 재미도 있음 만약 확률 높으면 그게 더 과금한 애들 몰아주기 아닌가,별표 5개 만점에 5개를 받았습니다.,5
2018-12-06,설치하고 접속하자마자 바로 지운 게임 던전 돌아보고 지운 게임 등등 10개는 넘게 깔았다 지웠다 방황하다가 브라운더스트를 발견했고 드디어 정착했습니다. 제 깐깐한 게임 입맛을 만족시킨 게임,별표 5개 만점에 5개를 받았습니다.,5
2019-03-17,현재 랩 28 노과금 전설캐릭 2개 태생5성 많음 4성은 매우 많음 뽑기가 극악이긴한대 또 다이아를 자주줌 ㅋ 문제는 전설캐릭이 있어도 쓰기가 힘듬 ㅋ 강화코스트가 답이 없음 ㅋㅋ 결국은 그냥 3성 4성을 쓰는 게임인거 같음 ㅋ 5성이랑 전설은 그냥 수집용 ㅋ 무과금유저라 수집유저도 아니지만 강제 수집행 ㅋ,별표 5개 만점에 5개를 받았습니다.,5
2019-01-05,맨날 광고만 보다 깔아서 해봤는데 수작 반열에 오를만한 게임. 다만 단점 아닌 단점이 있다면 전설케릭 뽑기가 헬임. 케릭 모으는게 취미인 사람 혹은 헤비 과금빌런들은 힘들 수 있음. 케릭이 많아서 전략 풀 다양히 짤 수 있어서 재밌어요. 갓흥겜 브더됬으면 ㅠㅠ,별표 5개 만점에 5개를 받았습니다.,5
2019-05-16,재밌습니다 ㅎㅎ 조아요,별표 5개 만점에 5개를 받았습니다.,5
2019-03-18,스토리가 재미있네용,별표 5개 만점에 5개를 받았습니다.,5
2019-05-19,재미있는 게임입니다.,별표 5개 만점에 5개를 받았습니다.,5
2019-03-19,개 복불복 난 성능 안보고 애정충으로 맘애드는 애들만 구해서 키우는데 절대안나옴 쓸대없는 전설인지 뭔지는 계속나옴,별표 5개 만점에 1개를 받았습니다.,1
2019-02-21,짧게 말함. 캐릭 뽑기 확률 극악. 전설 캐릭 없음 결투장 개발리고 무과금은 즐기기 어려움. 뽑기 확률을 좀 처 올리세요 화나네 진짜,별표 5개 만점에 1개를 받았습니다.,1
2019-01-28,"게임 자체는 나쁘지 않지만 스토리가 너무 남성향이 강하네요 여성 플레이어가 느낄 수 있는 불쾌함은 전혀 고려하지 않은 스토리 구성이 일단 굉장히 비호감이고요. 캐릭터 평가 게시판 관리도 상당히 문제가 많은 것 같습니다. 성적 비하 등의 불쾌감 역력한, 캐릭터 성능과는 전혀 관련 없는 글들이 베스트 평가로 올라 매우 불편하고 전혀 도움도 되지 않습니다. 무엇보다 너무나도 불쾌합니다. 게임 자체는 별 5개이지만 이런 점들 때문에 과감히 별 3개를 깎을 수 있을 정도입니다. 게임 개발에 도움이 되는 혹평이였길 바랍니다",별표 5개 만점에 2개를 받았습니다.,2
2019-05-21,전설이너무안나와요,별표 5개 만점에 5개를 받았습니다.,5
2019-03-25,재미있게 잘 하고 있어요 ㅎㅎ,별표 5개 만점에 5개를 받았습니다.,5
2019-03-27,일러가 좀더 다양하면 좋겠고 케릭마다 스킬사용을 미리볼수있었으면 좋겠어요,별표 5개 만점에 4개를 받았습니다.,4
2019-04-28,이건 인정~유일하게 하는 게임,별표 5개 만점에 5개를 받았습니다.,5
2019-03-01,가차확률좀 개선해라ㅡ 그리고 나사빠진 5성 애들 빨리 손 안보냐ㅡㅡ? 6~70 번 연속을 돌렸는데 4성 네다섯개에 5성하나도 안뜨는건 심각하지 않냐 돈빨아처먹을려면 가차 확률도 적당히 해야지 지를맘이 생기지 5성은 그렇다 치고 4성조 저리 안나오는건 진짜 너무한거 아니냐 극악 가차확률 사탄도 아...이건 좀 이런다 새키드라,별표 5개 만점에 3개를 받았습니다.,3
2019-05-11,할만하네요 초반은.,별표 5개 만점에 4개를 받았습니다.,4
2019-02-24,"타게임처럼 5성만이 좋은캐릭이 아닌, 3성도 4성도 다 각각의 좋은점을 가지고있고 필요로 한다 3성부터 4성 5성 대부분을 캐릭을 필요로한다는게 새롭다 물론 뭐..그만큼 키우기엔 힘들수는 있겠지만..ㅎ 요즘 이벤트가ㅜ약간 불만족스럽지만...게임자체는 마음에듬",별표 5개 만점에 5개를 받았습니다.,5
2019-03-15,오토사냥에 회의가 강한 분들은 적극추천! 3별 하기 위해선 나름 전략도 짜야되고 영웅들 모으는 재미도 쏠쏠합니다,별표 5개 만점에 5개를 받았습니다.,5
2019-03-18,시작해서 다이아 600개 모은다음 10+1 있길래 돌렸습니다. 올3성 --> 삭제. 전 탈출합니다~,별표 5개 만점에 1개를 받았습니다.,1
2019-04-27,애들아 진 뽑을때까지 리셋해라 ㄹㅇ 진 리다,별표 5개 만점에 5개를 받았습니다.,5
2019-03-05,"브더가 메타변화로 과금유도하고, 고인물 고착화 심해서 접었습니다. 다른 겜을 찾다가 브더가 너무 갓겜인 나머지 다른 폰겜이 성에 안차게되어 다시 복귀했습니다.",별표 5개 만점에 5개를 받았습니다.,5
2019-04-15,아 이 재밌는걸 왜 2년뒤에야 시작햇나,별표 5개 만점에 5개를 받았습니다.,5
2019-04-17,"가챠확률최악, 캠페인 난이도 극악",별표 5개 만점에 5개를 받았습니다.,5
2018-12-06,가챠가 좀 헬이지만 개돼지처럼 막 돈 안지르면 못하게 할 정도는 아님. 시간 투자하면 합성으로 전설등급 얻는다는게 제일 좋았음 밸런스도 나쁘지 않았고.,별표 5개 만점에 5개를 받았습니다.,5
2019-04-02,단순하지만 재미있네요.,별표 5개 만점에 4개를 받았습니다.,4
2019-03-29,무난한 게임 주인공버프로 여자가 꼬인다는 다소식상한 스토리 ㅋ,별표 5개 만점에 5개를 받았습니다.,5
2019-04-13,재밋어요. 5성 많이 주세요 ㅠㅠ,별표 5개 만점에 5개를 받았습니다.,5
2019-03-15,신입단장 선물(5일) 이벤트 아이템중 3일째 아이템이 안들어왔어요ㅠ. 다시 시작하면서 꾀 기다리던 보상인데. 확안해 주세요-,별표 5개 만점에 3개를 받았습니다.,3
2019-02-16,최악 2일째 접속하고 1분정도 있다가 보안 충돌이라면서 팅기는것 수정했다해서 업데이트 했는데 뭐 고쳐지지도않고 일일퀘 꾸준히해서 5성 유닛 곧 받을텐데 망햇고. 여러가지 꾸준히 컨텐츠 하던거 다 끊기네 과금도 좀하면서 재밌게 하고있구만 문제 해결 너무느림 해결 된다고 제데로 된 보상 줄 것 같지도 않고 신뢰가 확떨어지네 ㅡ ㅡ,별표 5개 만점에 1개를 받았습니다.,1
2019-01-18,재미있어요!! 마냥 방치형도 아니고 시나리오나 악마성깨는데는 배치 용병 순서 이런거 생각할 필요가있어서 좋네요~ 이게임 저게임하다가 이거는 꽤 오래 하네요~~,별표 5개 만점에 5개를 받았습니다.,5
2018-12-24,솔직히 게임 재밌고 플레이 한 만큼의 보상도 있어서 나름 뿌듯합니다. 전설빼고는 5성도 가끔씩뜨는편이고 제가 개인적으로 바라는 개선방향은 일단 결투장밸런스등과캐릭터를 각성시킬경우 전투중의 모습은 변하지만 일러스트 그대로인게 아쉽습니다.마지막으로는 운영만 잘해주시면 감사하겠습니다.리뷰댓글도 부지런히 달아주셨으면 좋겠네요,별표 5개 만점에 5개를 받았습니다.,5
2019-04-21,제발 다른게임하세요 진짜,별표 5개 만점에 1개를 받았습니다.,1
2019-03-30,재미있게 하고 있습니다,별표 5개 만점에 4개를 받았습니다.,4
2019-04-07,재밋게 하고 잇습니다.,별표 5개 만점에 4개를 받았습니다.,4
2019-04-13,인앱결제 두번 됐네요 확인 부탁두려요,별표 5개 만점에 5개를 받았습니다.,5
2019-05-07,일러도 좋고 재대로 한번 해봐야겠음,별표 5개 만점에 5개를 받았습니다.,5
2019-01-18,"게임성, 스토리, 플레이하는 재미. 다좋음. 캐릭터 배치할때 좀 더 쉽게 캐릭터의 스텟,스킬을 볼 수 있었으면 좋겠음. 과금없이는 시간의 투자가 필요함.",별표 5개 만점에 5개를 받았습니다.,5
2019-03-12,한달만 해보면 제작사의 운영방식이 보일꺼임 위로올라가려면 핵과금을 하던가 어중간하게 할꺼면 그냥 과금하지말고 캐릭모으기나 하면됨,별표 5개 만점에 1개를 받았습니다.,1
2019-02-06,턴제 좋아하는 사람들에게 추천합니다. 컨텐츠도 다양해서 할 깨 많고 이벤트와 운영은 현재 진행 중이에요. 단지 어중간한 과금으로 도전하면 밑빠진 독에 물 넣기식이라 적당한 소과금 혹은 무과금으로는 즐길만 해요.,별표 5개 만점에 5개를 받았습니다.,5
2019-02-05,"리세마라 하긴 귀찮아서 걍 시작했습니다. 일러가 워낙 취향이라.. 조금 된 게임이라 그런지 신규유저한테 5성랜덤권도 하나 주네요. 원하는 캐릭 뽑기는 요원해보이지만, 과금 별로 안하고 천천히 해보렵니다.",별표 5개 만점에 4개를 받았습니다.,4
2019-04-24,아아ㅏ아아 광고 좀 그만 나와라,별표 5개 만점에 1개를 받았습니다.,1
2019-04-28,3일차인데 여테까진 재밌음 스토리도 흥미로움,별표 5개 만점에 4개를 받았습니다.,4
2018-12-26,전설뽑기확률=로또*100 6천 썼는데.. 4성 3성.. 이벤트로 구입하면 창렬임... 액션퍼즐이 아니라 로또 퍼즐이겠지..,별표 5개 만점에 2개를 받았습니다.,2
2019-01-17,현질. 현질 하지만 꾸준히 하면 무과금으로도 즐길수 있습니다. 생각은 조금만하고 그냥 즐기세요.,별표 5개 만점에 5개를 받았습니다.,5
2019-03-02,이거제가 20000만원을 지를려고하는데 분명2만원이 충전되어있는데 게임을 들어가서 보니깐 잔액부족이라고 뜨네요..무슨일이죠?,별표 5개 만점에 5개를 받았습니다.,5
2019-05-05,오늘 처음인데~~잼있어요,별표 5개 만점에 5개를 받았습니다.,5
2019-02-14,짧게 즐기기에는 최악. 강해지려면 엄청 오래 걸립니다. 즉 즐길거리가 충분하며 오래 애정 가지고 키운다면 이만한 퀄리티를 찾기 어렵습니다 ㅎㅎ,별표 5개 만점에 5개를 받았습니다.,5
2019-01-11,복귀유저입니다. 이 게임은 다른 양산형에 비교하면 전략적인 재미가 뛰어난편이나 1회당 가챠에 들어가는 재화가 타 게임에 비해 비싼편입니다.,별표 5개 만점에 3개를 받았습니다.,3
2019-02-24,게임하고 싶은데 계속 보안프로그램이랑 충돌했다 뜨네요. 삭제도 해봤는데 빨리 해결 부탁드립니다,별표 5개 만점에 5개를 받았습니다.,5
2019-04-15,제작자님 감사합니다 짱이에요,별표 5개 만점에 5개를 받았습니다.,5
2019-05-01,전략적 이기도 하고 플레이자체가 쉬움. 일러스트도 좋음,별표 5개 만점에 5개를 받았습니다.,5
2019-04-11,초반엔 즐겁게 했으나 하면 할수록 ㄱ ㄷㅈ들의 게임이란걸 뼈저리게 느끼고 빠르게 모든 덱을 갈아버렸다.,별표 5개 만점에 1개를 받았습니다.,1
2019-04-13,좋은 게임이지만 계속 팅깁니다,별표 5개 만점에 4개를 받았습니다.,4
2019-01-18,뒤늦게 시작함. 심심해서 이것저것 찾아보던 중 수작이라곤 봤으나 순위가 너무 밑이라 한참 고민하다 시작함. 수작맞는듯,별표 5개 만점에 4개를 받았습니다.,4
2019-03-22,진짜 재밌어요ㅠㅠㅠ 발제 고맙습니다,별표 5개 만점에 5개를 받았습니다.,5
2019-01-20,뽑기 운빨 > 과금인 게임 물론 이론상 핵과금하면 마일리지로 5성까지는 채울수 있지만 어차피 상위권은 전설 파티라... 재미랑 전략성은 확실히 있고 굳이 pvp컨텐츠 아니더라도 충분히 즐길수있음,별표 5개 만점에 5개를 받았습니다.,5
2019-01-21,과금을 해도 좋아질지는 미지수 일 정도로 확률이 희박하지만 그만큼 무과금과 과금의 격차도 낮고 수집하는 재미가 있는 오래할 수 있는 게임,별표 5개 만점에 5개를 받았습니다.,5
2019-02-14,"여자 노출도 수준이 심각함. 진짜 이만큼 심각한 게임 처음봤음. 유저평가도 성능은 안 쓰고 성적 드립이 난무하기 때문에 이런 거 싫어하는 분들은 거르고 가세요. 재미있어서 하긴 했는데 초반에는 전략적으로 클리어 하는 게 맞는데 후반 갈수록 특정 '5성' 용병 없으면 못ㅋ깸ㅋ 이 특정 용병 못 얻으면 스토리 진행 불가. 가챠 확률은 극악이고 확정 5성 얻으려면 600개를 모아서 27번 돌려야 함. 전설 계약서는 미포함임. 16400개 모아야 확정 1명 데려올 수 있단 얘기. 스킬북 얻기도 힘들고 현질을 해도 크기 힘든 구조기 때문에 ...
전체 리뷰",별표 5개 만점에 2개를 받았습니다.,2
2019-03-10,밤새도록 해도 질리지 않는 게임 일러가 예쁘고 근데 전투할때 캐릭터가 너무 쬐그매.. 좀 더 크게 했으면 캐릭터마다의 귀여움과 미려함이 살아나지 않았을까라는 아쉬움과 일본어음성 추가 패치로 선택이 가능했으면 좋겠음 일본 성우 연기력이 더 맛깔나는건 부정 할 수가 없다..,별표 5개 만점에 5개를 받았습니다.,5
2019-01-17,일하거나 pc게임하면서 이게임 즐기고있습니다 그냥 연속전투켜두고 대기화면으로 지정해두면 여유롭게 즐길수있네요. 연속전투가있다해서 게임이 너무 대충이지도않네요 룬강화시스템에있어서 확률도 극한만큼 힘든게아니라 9강은 노력하면 바로할수있고 과금도 그리 요구하는편은아닌것같아 전 좋습니다 이게임을 약간 1달안되게 해본제생각은 이게임은 난이도 체제가 잘잡혀있습니다 균형이 잘이루어져있어서 노력만하면 무조건은아니지만 어느정도 성과가 나오더라고요 I love it>.< 참고로 일러스트작가 취향저격을 너무잘하는!,별표 5개 만점에 5개를 받았습니다.,5
2019-03-18,할만해요 체스두는것처럼 ㅎ,별표 5개 만점에 5개를 받았습니다.,5
2019-03-29,시나리오 머리 쓰며 깨는 맛이 있음,별표 5개 만점에 5개를 받았습니다.,5
2019-04-05,이자식들 성우들을 어디서 고용한거냐,별표 5개 만점에 5개를 받았습니다.,5
2019-04-14,그닥어렵지않고 재밌네요,별표 5개 만점에 5개를 받았습니다.,5
2019-01-17,1년 넘게하는데 특별히 많은 과금 없이도 꾸준히 기본적인것만으로도 충분히 즐길 수 있고 시간도 많이 안뺏김 그것만으로도 별4개는 충분해요^^,별표 5개 만점에 4개를 받았습니다.,4
2018-12-17,전설 계약 계속 샀는데 옥토 한번도 안나오네요 이건 좀 심한것 같습니다.점점 지쳐가내요 그리고 달력 패키지 구입했는데 아직까지 안왔습니다.답변바랍니다,별표 5개 만점에 1개를 받았습니다.,1
2019-02-16,로그인이 안돼는데 이제 게임접속못하나요? 결제해놓은것들은 환불해주나요? 게임 접속이안돼는데 환불해주세요,별표 5개 만점에 2개를 받았습니다.,2
2019-04-25,먼가 하고잇다는 느낌 일단 재밋음,별표 5개 만점에 5개를 받았습니다.,5
2019-01-21,아무리 3성을 6성까지 키울수 있다고 하지만 지금까지 스토리 진행하면서 모아온 다이아로 뽑는데 4성 가끔 나오고 3성만 너무 나오니 할 맘이 안든다 5성은 본적도 없다,별표 5개 만점에 1개를 받았습니다.,1
2019-05-04,굿 2년째 붙들고 있어요 혜자게임!,별표 5개 만점에 5개를 받았습니다.,5
2019-04-18,다시하니 괜찮은것같네요,별표 5개 만점에 3개를 받았습니다.,3
2019-02-01,"재미있다. 단지 캐릭터평가게시판에 여성 혐오발언, 성적인 저속한 단어는 올리지 못하게 금지어 설정 등 관리가 필요하다.",별표 5개 만점에 3개를 받았습니다.,3
2019-02-15,제가 원래 턴제 게임을 싫어해서 길어봤자 2일이면 접었는데 이게임은 진짜 전략갓겜인거같아요!! 근데 자동 전투는 있는데 자동 진행도 좀 새로 추가 해주셨으면 좋겠습니다 ㅠ 앞으로 더욱 더 재밌게 할테니까 화이팅 해주세요 ㅎ,별표 5개 만점에 5개를 받았습니다.,5
2018-12-17,아무생각없이 친구가 추천해서 해봤는데 처음엔 잘모르겠는데 어느정도 레벨이되고 케릭이 쌓이면 케릭마다의 능력치나 스킬이달라서 전략적인 요소가 풍부합니다. 케릭모으는 재미와 전략적인 재미가 풍부하내요.,별표 5개 만점에 5개를 받았습니다.,5
2019-04-01,이게임하고 개돼지 된거같아요 그런데 그것도 나쁘지않은거같아요,별표 5개 만점에 5개를 받았습니다.,5
2018-12-09,"이때까지한 턴제 게임중에서 제일 재밌고 벨런스가 좋음 다른 겜과 비교하자면 브더는 3성도 6성까지 키울수 있는게 장점중 하나고 상성과 진형, 순서이 굉장히 승패에 영항을 끼침, 세나마냥 메이플처럼 요상한 강화들이 없음. 전설, 일반영웅간의 스펙차는 존재하나 다른게임처럼 전설하나만배치해도 상대방 다씹어먹는게 없어서 좋음. 그러니까 아셰라 확률 업좀요 겜하면서 5성보다 뽑기힘들어요.",별표 5개 만점에 5개를 받았습니다.,5
2019-04-29,bgm 좀 개편하자. 너무 침울해,별표 5개 만점에 4개를 받았습니다.,4
2019-05-07,뽑기 극악이라짜증나는것만빼곤할만함,별표 5개 만점에 5개를 받았습니다.,5
2019-01-31,업데이트 되더니 여러가지 버그가 많습니다. 확률업 뽑기에서도 이상하고.. 고쳐주세요.,별표 5개 만점에 3개를 받았습니다.,3
2019-02-15,아니 무슨패치하고 충돌오류가 생깁니까... 엊그제까지 잘 하던게임인데 무슨 로그파일까지 보내가며 게임을 해야함 대체...,별표 5개 만점에 1개를 받았습니다.,1
2018-12-06,다좋은데 가챠 너무 창렬한거 아니냐 ㅠㅠ 50번 돌려서 4성 하나도 안나오는건 진짜 너무한데.... 5성은 안바랬지만 설마 3성 50개가 나올줄이야,별표 5개 만점에 3개를 받았습니다.,3
2019-02-01,저한테는 갓겜입니다. 턴제를 별로 안좋아했었는데 나름대로 그 속에서 고민하고 하는 재미가 있네요.,별표 5개 만점에 4개를 받았습니다.,4
2019-01-09,솔직히 게임은 너무재미있어요 완전 갓겜 근데 이벤트창 튕기는거 실화입니까? 이벤트창들어가기만 하면 렉걸리고 튕기고 진짜 다 좋은데 제발 이벤트창 좀 고쳐주시면 안돼나요?,별표 5개 만점에 4개를 받았습니다.,4
2019-03-24,꿀잼이에여 턴제라서 머리쓰는부분도 있고,별표 5개 만점에 5개를 받았습니다.,5
2019-02-14,게임 오픈 2주 후부터 시작한 유전데 옥토 출시 후 매주 전설계약했음. 루시우스 안 나와서 접고 루시 뜬 부계정 함. 확률 개에바참치인 게임임,별표 5개 만점에 3개를 받았습니다.,3
2019-04-04,꿀잼 무엇보다 일러가 자연스럽다,별표 5개 만점에 5개를 받았습니다.,5
2019-02-14,재미있는 이야기를 하면서 정말 많이 생각하고 있습니다 제가 좋아하는 제 친구 같은 느낌이 너무 좋았어요 저는 그냥 제가 좋아하는,별표 5개 만점에 5개를 받았습니다.,5
2019-01-25,"캐릭터들의 조합에 따라 다양한 덱들이 나와서 조합을 만드는 재미가 있네요. 그리고 캐릭터들도 다양하고, 매력이 넘칩니다. 재미있네영",별표 5개 만점에 4개를 받았습니다.,4
2019-04-05,편하게 할 수 있는 게임,별표 5개 만점에 5개를 받았습니다.,5
2019-04-15,아직 겜하는 중이라 잘은 모르겠지만 턴제 rpg라 마음에 듦,별표 5개 만점에 4개를 받았습니다.,4
2019-05-07,잼있음 리뷰쓸시간도없음 ㅅㄱㅇ,별표 5개 만점에 5개를 받았습니다.,5
2019-03-14,밸런스도 문제지만 2주년 이벤트도 창렬하다. 2주년 이후의 이벤트는 또 얼마나 창렬해질까...,별표 5개 만점에 3개를 받았습니다.,3
2019-01-25,새로 만난 턴제rpg중 참신한 게임 돈을 안내도 다이아몬드로 패키지 구매가 가능해 좋다 그래픽 퀄리티 다 좋은데 각성복장 일러스트가 없는게 아쉽다,별표 5개 만점에 5개를 받았습니다.,5
2019-01-18,욕심 버리면 무과금도 잼나네요. 다만 최대 단점이 쫄작시 일일이 클릭 후 레벨업을 해줘야 한다는점. 자동사냥 아니면 게임을 안하는 시대인데 이걸 어느 폐인이 할일 없이 끝도 없이 반복합니까? 게임을 잘 만들어놓고 시스템이 개노답 근데 나는 쫄작 욕심 안부리고 걍 하는중이라 평점은 잘줄게요,별표 5개 만점에 5개를 받았습니다.,5
2019-05-14,열심히 플레이 중,별표 5개 만점에 5개를 받았습니다.,5
2019-04-21,이벤트 할 때 들어온 흑우 읎제?,별표 5개 만점에 4개를 받았습니다.,4
2019-04-29,정말 재미있고 현질않하게 다야도 주고 갓겜임니다,별표 5개 만점에 5개를 받았습니다.,5
2019-04-24,운빨만 잘받으면 잼날거 같은데ㅠ,별표 5개 만점에 4개를 받았습니다.,4
2019-05-13,별이 다섯개~,별표 5개 만점에 5개를 받았습니다.,5
2019-05-09,"투ㅜ렇흧,ㅛㄹ.ㅕㅎ",별표 5개 만점에 4개를 받았습니다.,4
2019-01-02,"일러도 그렇고 과금은 선택인 괜찮은 겜이기도하고 중독성도 있고해서 5성은 주는데, 겜마님...신년패키지 좀 너무하네요ㅠ추석패키지의 혜자를 다시 불러와주십쇼ㅠ아 그리고 브더확률 쓰레기라 하는분들 계시는데, 은근 괜찮슴다. 제 경우지만 저 한달만에 레비아라는 전설캐 뽑았고요 중 후반대는 확률 그대론데 체감상 초반뽑확률 진짜 좋습니다. 그리고 이 겜 현질유도 심하지도 않고요",별표 5개 만점에 5개를 받았습니다.,5
2019-02-11,확률 ㄹㅇ 별롭니다 현질 더해라 이거죠 ㅋㅋㅋㅋ 아놔 다이아 5000개 돌려서 5성 하나도 안주는게 말이냐 방구냐 이게 게임이냐?????,별표 5개 만점에 1개를 받았습니다.,1
2018-12-11,생각 해보니 두달 넘게 꾸준히 하는 모바일 게임은 처음이네요.. 제가 원래 한달 이상은 못가는데 ㅋㅋ,별표 5개 만점에 5개를 받았습니다.,5
2019-01-18,"일년만에 복귀한 유저입니다. 다시해도 역시 띵작이네요. 인벤토리에서 상점으로, 상점에서 인벤토리로 갈 수 있는 버튼 하나씩만 추가해주시면 정말 감사하겠습니다!",별표 5개 만점에 5개를 받았습니다.,5
2019-02-15,노트9인데 업데이트하고 나서 실행하면 보안프로그램충돌이 있다면서 꺼지는데 뭐죠? 그전까지 잘됬는데,별표 5개 만점에 2개를 받았습니다.,2
2019-04-24,쿠폰오류요...4글자온거 쳐도 쿠폰오류라네요,별표 5개 만점에 5개를 받았습니다.,5
2019-05-04,리세마라가 매우편해요 ㅎㅎ,별표 5개 만점에 5개를 받았습니다.,5
2019-02-14,업데이트 후 계속 혼자 꺼지네요... 월드보스랑 협동토벌 기회도 중간에 꺼져서 날라가고... 빨리 고쳐주세요,별표 5개 만점에 4개를 받았습니다.,4
2019-03-14,재밌는 게임이긴 한데요 여명의 날 난이도가 너무 급격하게 올라간게 아닐까 싶습니다 어렵더라도 점점 어려워지면 좋으려만 입구컷은 너무 심한데요,별표 5개 만점에 4개를 받았습니다.,4
2019-04-17,갓게임 너무재미서요 추천해요,별표 5개 만점에 5개를 받았습니다.,5
2019-04-04,캐릭터 맘에 들어요,별표 5개 만점에 5개를 받았습니다.,5
2019-01-14,뭡니까 이거 출석보상은 받았다고 나오는데 우편함이 비었잖아요 확인해보니 신입 단장 로그인 보상이 2일짜거 부터 안들어와 있잖습니까 거 시스템 제대로 관리 합시다 이거,별표 5개 만점에 1개를 받았습니다.,1
2019-02-11,과금효율은 역대했던 게임중에 제일 낮다 과금보다 더많은 다이아를 수시로 뿌려준다 그만큼 무과금도 경쟁성있지만 게임자체가 오래보고하는 게임 돈안쓰고 진득하게 하실분들 추천합니다,별표 5개 만점에 5개를 받았습니다.,5
2019-04-07,게임 잘 만들었네요,별표 5개 만점에 5개를 받았습니다.,5
2019-04-22,킬링타임하기에도 재밌습니다,별표 5개 만점에 5개를 받았습니다.,5
2018-12-31,이정도면...가챠겜중엔 사실 수작이다. 결장이야 돈 쏟아부은사람이 위너지만 길전 등의 피빕컨텐츠는 좁밥도 핵과금을 이길수있는 전략성이 분명 존재하므로... 내가해본 다른 가챠겜중 이런건 업음,별표 5개 만점에 5개를 받았습니다.,5
2019-04-27,재밌지만 빨리 질릴것 같다,별표 5개 만점에 5개를 받았습니다.,5
2019-04-27,복잡한듯도 하면서 재미있네요,별표 5개 만점에 4개를 받았습니다.,4
2019-03-15,너무 재미있는데요. 다이아600개로 산 전설 구입할수있는걸 뽑았는데 전설은 나오지않고 돈을 날리기만 했습니다.,별표 5개 만점에 5개를 받았습니다.,5
2019-02-12,별 기대 안했는데 다른 양산형하고 달라서 재밌음 전략짜는 재미가 있네요. 그래픽도 2d에서 볼 수 있는 상급 그래픽이라 예쁘고 도트도 아기자기함.,별표 5개 만점에 5개를 받았습니다.,5
2019-04-11,간만에 6개월 넘게 하고 있는 갓겜,별표 5개 만점에 5개를 받았습니다.,5
2019-02-22,킬링타임 용으로 잠깐 하는 게임은 아니지만 한번 하면 헤어나올수 없는 매력을 가지고 있어요! 캐릭터의 작화도 나쁘지 않고 스토리 구성도 개성있어서 재미있게 하고 있습니다,별표 5개 만점에 5개를 받았습니다.,5
2018-12-23,전설 소환건을 사서 했는데 다 3성이네요? 고급소환건이 4성나오는데 이건 좀 아니지않아요? 아놔진짜,별표 5개 만점에 2개를 받았습니다.,2
2019-02-15,게임은 재밌게 하고있었습니다만... 지금 업데이트 이후로 보안프로그램 뭐시기 뜨면서 접속이 안됩니다... 좀 하게 해주세요....,별표 5개 만점에 2개를 받았습니다.,2
2019-03-04,일러스트 하나만으로 가챠팔이엔 적합하게 되어있는 게임 재미는 더 해봐야 알것같다.,별표 5개 만점에 4개를 받았습니다.,4
2019-04-11,재미가 잇다. 그래픽도 이쁘다.,별표 5개 만점에 5개를 받았습니다.,5
2019-01-18,광고가 많이 나와서 얼마나 재밌뭄네짜증나서 설치 해봤는데 진짜 ??잼??? 근데 전설영웅 이나 고급 영웅계약? 그거 뽑기 몇% UP 해주시면 진짜 더 좋을거같습니다!,별표 5개 만점에 5개를 받았습니다.,5
2019-02-24,뭘 들어가서 해봐야 평가를 하지 보안프로그램 충돌이라 못하겠다 그놈의 메일 보냈으니까 빠른 처리 바람,별표 5개 만점에 1개를 받았습니다.,1
2019-02-05,설연휴라서 오늘2월5일에 5성 랜덤영웅 준다고 되어있는데 재접속해도 보상을 안주네요 ㅡㅡ 빨리 주셨으면 좋겠습니다,별표 5개 만점에 1개를 받았습니다.,1
2019-04-01,잼있네요 일러도 좋고 ㅎㅎ,별표 5개 만점에 5개를 받았습니다.,5
